#node1	node2	node1_string_id	node2_string_id	neighborhood_on_chromosome	gene_fusion	phylogenetic_cooccurrence	homology	coexpression	experimentally_determined_interaction	database_annotated	automated_textmining	combined_score
AKT1	THPO	9606.ENSP00000451828	9606.ENSP00000204615	0	0	0	0	0	0	0	0.455	0.455
AKT1	SIRT1	9606.ENSP00000451828	9606.ENSP00000212015	0	0	0	0	0.063	0.281	0	0.852	0.891
AKT1	AURKA	9606.ENSP00000451828	9606.ENSP00000216911	0	0	0.351	0.723	0	0.242	0.900	0.586	0.939
AKT1	EPOR	9606.ENSP00000451828	9606.ENSP00000222139	0	0	0	0	0	0.058	0	0.603	0.610
AKT1	DDX5	9606.ENSP00000451828	9606.ENSP00000225792	0	0	0	0	0.060	0.283	0	0.247	0.448
AKT1	IFNG	9606.ENSP00000451828	9606.ENSP00000229135	0	0	0	0	0	0	0	0.605	0.605
AKT1	MDM2	9606.ENSP00000451828	9606.ENSP00000258149	0	0	0	0	0	0.898	0.900	0.852	0.998
AKT1	CREBBP	9606.ENSP00000451828	9606.ENSP00000262367	0	0	0	0	0	0.528	0.900	0.576	0.978
AKT1	SLC9A3R1	9606.ENSP00000451828	9606.ENSP00000262613	0	0	0	0	0.062	0.327	0	0.391	0.582
AKT1	PHLPP1	9606.ENSP00000451828	9606.ENSP00000262719	0	0	0	0	0.062	0.731	0.900	0.981	0.999
AKT1	EP300	9606.ENSP00000451828	9606.ENSP00000263253	0	0	0	0	0	0.885	0.900	0.903	0.998
AKT1	STAT3	9606.ENSP00000451828	9606.ENSP00000264657	0	0	0	0	0	0.140	0.900	0.875	0.988
AKT1	CDK2	9606.ENSP00000451828	9606.ENSP00000266970	0	0	0.394	0.655	0.062	0.061	0	0.907	0.448
AKT1	TP53	9606.ENSP00000451828	9606.ENSP00000269305	0	0	0	0	0.053	0.201	0.900	0.877	0.989
AKT1	ATM	9606.ENSP00000451828	9606.ENSP00000278616	0	0	0	0	0	0.056	0	0.741	0.745
AKT1	APPL1	9606.ENSP00000451828	9606.ENSP00000288266	0	0	0	0	0.062	0.863	0.900	0.988	0.999
AKT1	STAT5B	9606.ENSP00000451828	9606.ENSP00000293328	0	0	0	0	0.062	0.140	0	0.785	0.811
AKT1	NPM1	9606.ENSP00000451828	9606.ENSP00000296930	0	0	0	0	0	0.285	0	0.714	0.788
AKT1	NOS3	9606.ENSP00000451828	9606.ENSP00000297494	0	0	0	0	0.049	0.879	0.900	0.988	0.999
AKT1	HSP90B1	9606.ENSP00000451828	9606.ENSP00000299767	0	0	0	0	0	0.361	0.600	0.773	0.937
AKT1	FADD	9606.ENSP00000451828	9606.ENSP00000301838	0	0	0	0	0.073	0.069	0	0.564	0.591
AKT1	BCL2L1	9606.ENSP00000451828	9606.ENSP00000302564	0	0	0	0	0.065	0.270	0.900	0.982	0.998
AKT1	IRS1	9606.ENSP00000451828	9606.ENSP00000304895	0	0	0	0	0.062	0.535	0	0.917	0.960
AKT1	F2	9606.ENSP00000451828	9606.ENSP00000308541	0	0	0	0	0	0.056	0	0.521	0.529
AKT1	CALR	9606.ENSP00000451828	9606.ENSP00000320866	0	0	0	0	0.065	0.056	0	0.467	0.489
AKT1	GSK3B	9606.ENSP00000451828	9606.ENSP00000324806	0	0	0.218	0.576	0.049	0.934	0.900	0.873	0.996
AKT1	P4HB	9606.ENSP00000451828	9606.ENSP00000327801	0	0	0	0	0.095	0.078	0	0.406	0.461
AKT1	SP1	9606.ENSP00000451828	9606.ENSP00000329357	0	0	0	0	0.055	0.289	0	0.520	0.649
AKT1	SOCS1	9606.ENSP00000451828	9606.ENSP00000329418	0	0	0	0	0	0.103	0	0.520	0.551
AKT1	SOCS3	9606.ENSP00000451828	9606.ENSP00000330341	0	0	0	0	0	0.103	0.900	0.627	0.963
AKT1	LEPR	9606.ENSP00000451828	9606.ENSP00000330393	0	0	0	0	0	0.056	0	0.571	0.578
AKT1	HSP90AA1	9606.ENSP00000451828	9606.ENSP00000335153	0	0	0	0	0.062	0.946	0.900	0.991	0.999
AKT1	PTPN11	9606.ENSP00000451828	9606.ENSP00000340944	0	0	0	0	0.090	0.138	0.900	0.752	0.978
AKT1	SFN	9606.ENSP00000451828	9606.ENSP00000340989	0	0	0	0	0.052	0.364	0.900	0.678	0.978
AKT1	STAT5A	9606.ENSP00000451828	9606.ENSP00000341208	0	0	0	0	0.060	0.140	0	0.786	0.811
AKT1	FAS	9606.ENSP00000451828	9606.ENSP00000347979	0	0	0	0	0	0	0	0.548	0.548
AKT1	PTEN	9606.ENSP00000451828	9606.ENSP00000361021	0	0	0	0	0.062	0.852	0	0.952	0.992
AKT1	MPL	9606.ENSP00000451828	9606.ENSP00000361548	0	0	0	0	0	0.058	0	0.415	0.425
AKT1	STAT4	9606.ENSP00000451828	9606.ENSP00000376134	0	0	0	0	0	0.140	0	0.598	0.640
AKT1	CBSL	9606.ENSP00000451828	9606.ENSP00000381231	0	0	0	0	0	0.104	0	0.388	0.428
AKT1	IL10	9606.ENSP00000451828	9606.ENSP00000412237	0	0	0	0	0	0.060	0	0.690	0.697
APPL1	STAT3	9606.ENSP00000288266	9606.ENSP00000264657	0	0	0	0	0.073	0.066	0	0.432	0.465
APPL1	IRS1	9606.ENSP00000288266	9606.ENSP00000304895	0	0	0	0	0	0	0	0.402	0.402
APPL1	LEPR	9606.ENSP00000288266	9606.ENSP00000330393	0	0	0	0	0	0	0	0.701	0.701
APPL1	AKT1	9606.ENSP00000288266	9606.ENSP00000451828	0	0	0	0	0.062	0.863	0.900	0.988	0.999
ATM	SIRT1	9606.ENSP00000278616	9606.ENSP00000212015	0	0	0	0	0.063	0	0	0.864	0.867
ATM	AURKA	9606.ENSP00000278616	9606.ENSP00000216911	0	0	0	0	0.062	0.145	0	0.525	0.585
ATM	RPA1	9606.ENSP00000278616	9606.ENSP00000254719	0	0	0	0	0	0.373	0.900	0.769	0.984
ATM	MDM2	9606.ENSP00000278616	9606.ENSP00000258149	0	0	0	0	0.062	0.733	0.900	0.873	0.996
ATM	BARD1	9606.ENSP00000278616	9606.ENSP00000260947	0	0	0	0	0.062	0.105	0.900	0.773	0.978
ATM	CREBBP	9606.ENSP00000278616	9606.ENSP00000262367	0	0	0	0	0.065	0.065	0	0.516	0.540
ATM	EP300	9606.ENSP00000278616	9606.ENSP00000263253	0	0	0	0	0.065	0.065	0	0.579	0.599
ATM	STAT3	9606.ENSP00000278616	9606.ENSP00000264657	0	0	0	0	0	0	0	0.510	0.510
ATM	CDK2	9606.ENSP00000278616	9606.ENSP00000266970	0	0	0	0	0	0.078	0.800	0.784	0.956
ATM	TP53	9606.ENSP00000278616	9606.ENSP00000269305	0	0	0	0	0	0.915	0.900	0.989	0.999
ATM	SP1	9606.ENSP00000278616	9606.ENSP00000329357	0	0	0	0	0.062	0	0	0.410	0.423
ATM	PTPN11	9606.ENSP00000278616	9606.ENSP00000340944	0	0	0	0	0.062	0	0	0.427	0.439
ATM	TET2	9606.ENSP00000278616	9606.ENSP00000442788	0	0	0	0	0.083	0	0	0.417	0.442
ATM	JAK2	9606.ENSP00000278616	9606.ENSP00000371067	0	0	0	0	0.062	0.056	0	0.503	0.521
ATM	NPM1	9606.ENSP00000278616	9606.ENSP00000296930	0	0	0	0	0.062	0	0	0.518	0.528
ATM	BCL2L1	9606.ENSP00000278616	9606.ENSP00000302564	0	0	0	0	0.052	0	0	0.564	0.569
ATM	IRS1	9606.ENSP00000278616	9606.ENSP00000304895	0	0	0	0	0	0	0	0.620	0.621
ATM	SFN	9606.ENSP00000278616	9606.ENSP00000340989	0	0	0	0	0	0.320	0	0.506	0.650
ATM	AKT1	9606.ENSP00000278616	9606.ENSP00000451828	0	0	0	0	0	0.056	0	0.741	0.745
ATM	SOCS1	9606.ENSP00000278616	9606.ENSP00000329418	0	0	0	0	0.049	0.482	0	0.708	0.843
ATM	PTEN	9606.ENSP00000278616	9606.ENSP00000361021	0	0	0	0	0.065	0	0	0.887	0.890
ATM	HSP90AA1	9606.ENSP00000278616	9606.ENSP00000335153	0	0	0	0	0	0	0	0.946	0.947
ATM	WRN	9606.ENSP00000278616	9606.ENSP00000298139	0	0	0	0	0.152	0.658	0.600	0.833	0.978
ATM	KAT5	9606.ENSP00000278616	9606.ENSP00000340330	0	0	0	0	0.083	0.684	0.900	0.991	0.999
AURKA	HSP90AA1	9606.ENSP00000216911	9606.ENSP00000335153	0	0	0	0	0.072	0.088	0	0.398	0.446
AURKA	WRN	9606.ENSP00000216911	9606.ENSP00000298139	0	0	0	0	0.135	0.368	0	0.104	0.468
AURKA	RPA1	9606.ENSP00000216911	9606.ENSP00000254719	0	0	0	0	0.456	0	0	0.074	0.475
AURKA	FADD	9606.ENSP00000216911	9606.ENSP00000301838	0	0	0	0	0.070	0	0	0.479	0.496
AURKA	BCL2L1	9606.ENSP00000216911	9606.ENSP00000302564	0	0	0	0	0.062	0.270	0	0.395	0.549
AURKA	PTEN	9606.ENSP00000216911	9606.ENSP00000361021	0	0	0	0	0.077	0.147	0	0.512	0.583
AURKA	ATM	9606.ENSP00000216911	9606.ENSP00000278616	0	0	0	0	0.062	0.145	0	0.525	0.585
AURKA	NPM1	9606.ENSP00000216911	9606.ENSP00000296930	0	0	0	0	0.170	0.276	0	0.387	0.600
AURKA	CDK2	9606.ENSP00000216911	9606.ENSP00000266970	0	0	0.431	0.760	0.298	0.326	0	0.592	0.616
AURKA	MDM2	9606.ENSP00000216911	9606.ENSP00000258149	0	0	0	0	0	0.270	0	0.515	0.631
AURKA	EP300	9606.ENSP00000216911	9606.ENSP00000263253	0	0	0	0	0	0	0.650	0.217	0.714
AURKA	BARD1	9606.ENSP00000216911	9606.ENSP00000260947	0	0	0	0	0.250	0.282	0	0.539	0.730
AURKA	AKT1	9606.ENSP00000216911	9606.ENSP00000451828	0	0	0.351	0.723	0	0.242	0.900	0.586	0.939
AURKA	GSK3B	9606.ENSP00000216911	9606.ENSP00000324806	0	0	0.326	0.624	0	0.689	0.900	0.574	0.977
AURKA	TP53	9606.ENSP00000216911	9606.ENSP00000269305	0	0	0	0	0.096	0.875	0.900	0.935	0.999
BARD1	AURKA	9606.ENSP00000260947	9606.ENSP00000216911	0	0	0	0	0.250	0.282	0	0.539	0.730
BARD1	UBE3A	9606.ENSP00000260947	9606.ENSP00000232165	0	0	0	0	0.065	0.296	0	0.306	0.503
BARD1	RPA1	9606.ENSP00000260947	9606.ENSP00000254719	0	0	0	0	0.171	0	0.600	0.398	0.783
BARD1	MDM2	9606.ENSP00000260947	9606.ENSP00000258149	0	0	0	0	0	0	0	0.512	0.512
BARD1	NPM1	9606.ENSP00000260947	9606.ENSP00000296930	0	0	0	0	0.088	0.296	0	0.283	0.500
BARD1	PTEN	9606.ENSP00000260947	9606.ENSP00000361021	0	0	0	0	0.082	0.078	0	0.518	0.556
BARD1	KAT5	9606.ENSP00000260947	9606.ENSP00000340330	0	0	0	0	0.065	0.082	0.600	0.244	0.705
BARD1	WRN	9606.ENSP00000260947	9606.ENSP00000298139	0	0	0	0	0.115	0.270	0.600	0.713	0.916
BARD1	CDK2	9606.ENSP00000260947	9606.ENSP00000266970	0	0	0	0	0.121	0.346	0.900	0.273	0.952
BARD1	ATM	9606.ENSP00000260947	9606.ENSP00000278616	0	0	0	0	0.062	0.105	0.900	0.773	0.978
BARD1	TP53	9606.ENSP00000260947	9606.ENSP00000269305	0	0	0	0	0.062	0.848	0.900	0.938	0.999
BCL2L1	SIRT1	9606.ENSP00000302564	9606.ENSP00000212015	0	0	0	0	0.053	0	0	0.517	0.523
BCL2L1	AURKA	9606.ENSP00000302564	9606.ENSP00000216911	0	0	0	0	0.062	0.270	0	0.395	0.549
BCL2L1	EPOR	9606.ENSP00000302564	9606.ENSP00000222139	0	0	0	0	0	0	0	0.521	0.521
BCL2L1	IFNG	9606.ENSP00000302564	9606.ENSP00000229135	0	0	0	0	0.052	0	0	0.484	0.490
BCL2L1	MDM2	9606.ENSP00000302564	9606.ENSP00000258149	0	0	0	0	0.054	0.176	0	0.712	0.756
BCL2L1	STAT3	9606.ENSP00000302564	9606.ENSP00000264657	0	0	0	0	0	0.182	0.900	0.838	0.985
BCL2L1	CDK2	9606.ENSP00000302564	9606.ENSP00000266970	0	0	0	0	0.051	0.140	0	0.687	0.722
BCL2L1	TP53	9606.ENSP00000302564	9606.ENSP00000269305	0	0	0	0	0.051	0.977	0.900	0.990	0.999
BCL2L1	ATM	9606.ENSP00000302564	9606.ENSP00000278616	0	0	0	0	0.052	0	0	0.564	0.569
BCL2L1	STAT5B	9606.ENSP00000302564	9606.ENSP00000293328	0	0	0	0	0	0.069	0.900	0.688	0.968
BCL2L1	NPM1	9606.ENSP00000302564	9606.ENSP00000296930	0	0	0	0	0	0	0	0.511	0.512
BCL2L1	NOS3	9606.ENSP00000302564	9606.ENSP00000297494	0	0	0	0	0	0	0	0.408	0.408
BCL2L1	FADD	9606.ENSP00000302564	9606.ENSP00000301838	0	0	0	0	0.065	0	0	0.739	0.746
BCL2L1	STAT4	9606.ENSP00000302564	9606.ENSP00000376134	0	0	0	0	0	0.069	0	0.388	0.406
BCL2L1	SOCS1	9606.ENSP00000302564	9606.ENSP00000329418	0	0	0	0	0	0	0	0.412	0.412
BCL2L1	SOCS3	9606.ENSP00000302564	9606.ENSP00000330341	0	0	0	0	0	0	0	0.502	0.502
BCL2L1	IL10	9606.ENSP00000302564	9606.ENSP00000412237	0	0	0	0	0	0	0	0.568	0.568
BCL2L1	HSP90AA1	9606.ENSP00000302564	9606.ENSP00000335153	0	0	0	0	0	0	0	0.601	0.601
BCL2L1	IRS1	9606.ENSP00000302564	9606.ENSP00000304895	0	0	0	0	0	0.270	0	0.519	0.634
BCL2L1	FAS	9606.ENSP00000302564	9606.ENSP00000347979	0	0	0	0	0	0	0	0.691	0.692
BCL2L1	JAK2	9606.ENSP00000302564	9606.ENSP00000371067	0	0	0	0	0.054	0	0	0.703	0.707
BCL2L1	PTEN	9606.ENSP00000302564	9606.ENSP00000361021	0	0	0	0	0	0.076	0	0.712	0.723
BCL2L1	GSK3B	9606.ENSP00000302564	9606.ENSP00000324806	0	0	0	0	0	0.270	0	0.672	0.751
BCL2L1	PTPN11	9606.ENSP00000302564	9606.ENSP00000340944	0	0	0	0	0.060	0	0.900	0.466	0.945
BCL2L1	STAT5A	9606.ENSP00000302564	9606.ENSP00000341208	0	0	0	0	0	0.069	0.900	0.689	0.968
BCL2L1	AKT1	9606.ENSP00000302564	9606.ENSP00000451828	0	0	0	0	0.065	0.270	0.900	0.982	0.998
C4A	F2	9606.ENSP00000396688	9606.ENSP00000308541	0	0	0	0	0.152	0.134	0	0.455	0.565
C4A	HLA-DRB1	9606.ENSP00000396688	9606.ENSP00000353099	0	0	0	0	0.080	0	0	0.469	0.490
C4A	SERPINC1	9606.ENSP00000396688	9606.ENSP00000356671	0	0	0	0	0.142	0	0	0.556	0.602
C4A	PROS1	9606.ENSP00000396688	9606.ENSP00000377783	0	0	0	0	0.089	0	0	0.899	0.904
C4A	IL10	9606.ENSP00000396688	9606.ENSP00000412237	0	0	0	0	0	0	0	0.404	0.404
C4A	HLA-B	9606.ENSP00000396688	9606.ENSP00000399168	0	0	0	0	0.088	0	0	0.529	0.552
CALR	THPO	9606.ENSP00000320866	9606.ENSP00000204615	0	0	0	0	0	0	0	0.417	0.416
CALR	IFNG	9606.ENSP00000320866	9606.ENSP00000229135	0	0	0	0	0	0	0	0.421	0.421
CALR	STAT3	9606.ENSP00000320866	9606.ENSP00000264657	0	0	0	0	0	0	0	0.401	0.400
CALR	TP53	9606.ENSP00000320866	9606.ENSP00000269305	0	0	0	0	0.060	0	0	0.618	0.626
CALR	NPM1	9606.ENSP00000320866	9606.ENSP00000296930	0	0	0	0	0.065	0.137	0	0.422	0.492
CALR	HSP90B1	9606.ENSP00000320866	9606.ENSP00000299767	0	0	0	0	0.954	0.786	0.300	0.919	0.999
CALR	PDIA3	9606.ENSP00000320866	9606.ENSP00000300289	0	0	0	0	0.928	0.962	0.900	0.995	0.999
CALR	PTPN11	9606.ENSP00000320866	9606.ENSP00000340944	0	0	0	0	0.049	0.104	0	0.353	0.400
CALR	IL10	9606.ENSP00000320866	9606.ENSP00000412237	0	0	0	0	0	0	0	0.459	0.459
CALR	AKT1	9606.ENSP00000320866	9606.ENSP00000451828	0	0	0	0	0.065	0.056	0	0.467	0.489
CALR	STAT5A	9606.ENSP00000320866	9606.ENSP00000341208	0	0	0	0	0	0	0	0.516	0.516
CALR	SH2B3	9606.ENSP00000320866	9606.ENSP00000345492	0	0	0	0	0	0	0	0.526	0.526
CALR	TET2	9606.ENSP00000320866	9606.ENSP00000442788	0	0	0	0	0	0	0	0.601	0.601
CALR	JAK2	9606.ENSP00000320866	9606.ENSP00000371067	0	0	0	0	0	0.056	0	0.759	0.762
CALR	HLA-B	9606.ENSP00000320866	9606.ENSP00000399168	0	0	0	0	0	0.270	0.600	0.378	0.802
CALR	HSP90AA1	9606.ENSP00000320866	9606.ENSP00000335153	0	0	0	0	0.185	0.077	0	0.878	0.900
CALR	MPL	9606.ENSP00000320866	9606.ENSP00000361548	0	0	0	0	0	0	0	0.985	0.985
CALR	P4HB	9606.ENSP00000320866	9606.ENSP00000327801	0	0	0	0	0.854	0.891	0	0.992	0.999
CBSL	NOS3	9606.ENSP00000381231	9606.ENSP00000297494	0.081	0	0	0	0.092	0.057	0	0.560	0.607
CBSL	AKT1	9606.ENSP00000381231	9606.ENSP00000451828	0	0	0	0	0	0.104	0	0.388	0.428
CDK2	SIRT1	9606.ENSP00000266970	9606.ENSP00000212015	0	0	0	0	0.062	0.142	0	0.599	0.650
CDK2	AURKA	9606.ENSP00000266970	9606.ENSP00000216911	0	0	0.431	0.760	0.298	0.326	0	0.592	0.616
CDK2	RPA1	9606.ENSP00000266970	9606.ENSP00000254719	0	0	0	0	0.233	0.506	0.600	0.316	0.882
CDK2	MDM2	9606.ENSP00000266970	9606.ENSP00000258149	0	0	0	0	0.051	0	0.900	0.727	0.971
CDK2	BARD1	9606.ENSP00000266970	9606.ENSP00000260947	0	0	0	0	0.121	0.346	0.900	0.273	0.952
CDK2	CREBBP	9606.ENSP00000266970	9606.ENSP00000262367	0	0	0	0	0.083	0.758	0	0.343	0.841
CDK2	EP300	9606.ENSP00000266970	9606.ENSP00000263253	0	0	0	0	0.062	0.757	0	0.502	0.876
CDK2	STAT3	9606.ENSP00000266970	9606.ENSP00000264657	0	0	0	0	0.062	0.130	0	0.712	0.745
CDK2	STAT5A	9606.ENSP00000266970	9606.ENSP00000341208	0	0	0	0	0.062	0.159	0	0.339	0.433
CDK2	STAT5B	9606.ENSP00000266970	9606.ENSP00000293328	0	0	0	0	0.062	0.159	0	0.349	0.442
CDK2	AKT1	9606.ENSP00000266970	9606.ENSP00000451828	0	0	0.394	0.655	0.062	0.061	0	0.907	0.448
CDK2	WRN	9606.ENSP00000266970	9606.ENSP00000298139	0	0	0	0	0.105	0.213	0	0.340	0.495
CDK2	SP1	9606.ENSP00000266970	9606.ENSP00000329357	0	0	0	0	0.086	0.308	0	0.507	0.661
CDK2	PTEN	9606.ENSP00000266970	9606.ENSP00000361021	0	0	0	0	0.063	0.157	0	0.661	0.709
CDK2	BCL2L1	9606.ENSP00000266970	9606.ENSP00000302564	0	0	0	0	0.051	0.140	0	0.687	0.722
CDK2	KAT5	9606.ENSP00000266970	9606.ENSP00000340330	0	0	0	0	0.062	0	0.600	0.378	0.746
CDK2	HSP90AA1	9606.ENSP00000266970	9606.ENSP00000335153	0	0	0	0	0.053	0.335	0	0.808	0.869
CDK2	NPM1	9606.ENSP00000266970	9606.ENSP00000296930	0	0	0	0	0.117	0.687	0	0.635	0.890
CDK2	ATM	9606.ENSP00000266970	9606.ENSP00000278616	0	0	0	0	0	0.078	0.800	0.784	0.956
CDK2	SFN	9606.ENSP00000266970	9606.ENSP00000340989	0	0	0	0	0.062	0.102	0.900	0.828	0.983
CDK2	TP53	9606.ENSP00000266970	9606.ENSP00000269305	0	0	0	0	0.095	0.790	0.900	0.970	0.999
CREBBP	SIRT1	9606.ENSP00000262367	9606.ENSP00000212015	0	0	0	0	0.066	0.213	0	0.682	0.746
CREBBP	DDX5	9606.ENSP00000262367	9606.ENSP00000225792	0	0	0	0	0.102	0.327	0	0.637	0.762
CREBBP	MDM2	9606.ENSP00000262367	9606.ENSP00000258149	0	0	0	0	0	0.866	0.900	0.856	0.997
CREBBP	HSP90AA1	9606.ENSP00000262367	9606.ENSP00000335153	0	0.009	0	0	0	0.061	0	0.388	0.401
CREBBP	JAK2	9606.ENSP00000262367	9606.ENSP00000371067	0	0	0	0	0	0.120	0	0.395	0.445
CREBBP	TET2	9606.ENSP00000262367	9606.ENSP00000442788	0	0	0	0	0.063	0	0	0.455	0.467
CREBBP	GSK3B	9606.ENSP00000262367	9606.ENSP00000324806	0	0	0	0	0.063	0.120	0	0.468	0.523
CREBBP	ATM	9606.ENSP00000262367	9606.ENSP00000278616	0	0	0	0	0.065	0.065	0	0.516	0.540
CREBBP	PTEN	9606.ENSP00000262367	9606.ENSP00000361021	0	0	0	0	0.062	0.121	0	0.546	0.593
CREBBP	KAT5	9606.ENSP00000262367	9606.ENSP00000340330	0	0	0	0	0.085	0.378	0	0.732	0.834
CREBBP	CDK2	9606.ENSP00000262367	9606.ENSP00000266970	0	0	0	0	0.083	0.758	0	0.343	0.841
CREBBP	STAT5B	9606.ENSP00000262367	9606.ENSP00000293328	0	0	0	0	0.062	0.281	0.900	0.341	0.949
CREBBP	STAT4	9606.ENSP00000262367	9606.ENSP00000376134	0	0	0	0	0.062	0.225	0.900	0.474	0.956
CREBBP	SP1	9606.ENSP00000262367	9606.ENSP00000329357	0	0	0	0	0.085	0.735	0.800	0.522	0.973
CREBBP	AKT1	9606.ENSP00000262367	9606.ENSP00000451828	0	0	0	0	0	0.528	0.900	0.576	0.978
CREBBP	STAT3	9606.ENSP00000262367	9606.ENSP00000264657	0	0	0	0	0.062	0.683	0.900	0.871	0.995
CREBBP	EP300	9606.ENSP00000262367	9606.ENSP00000263253	0	0	0	0.957	0.835	0.805	0.900	0.989	0.996
CREBBP	STAT5A	9606.ENSP00000262367	9606.ENSP00000341208	0	0	0	0	0.062	0.281	0.900	0.978	0.998
CREBBP	TP53	9606.ENSP00000262367	9606.ENSP00000269305	0	0	0	0	0	0.983	0.900	0.988	0.999
DDX5	MDM2	9606.ENSP00000225792	9606.ENSP00000258149	0	0	0	0	0	0.270	0	0.240	0.421
DDX5	AKT1	9606.ENSP00000225792	9606.ENSP00000451828	0	0	0	0	0.060	0.283	0	0.247	0.448
DDX5	KAT5	9606.ENSP00000225792	9606.ENSP00000340330	0	0	0	0	0.062	0.057	0.600	0.195	0.677
DDX5	CREBBP	9606.ENSP00000225792	9606.ENSP00000262367	0	0	0	0	0.102	0.327	0	0.637	0.762
DDX5	NPM1	9606.ENSP00000225792	9606.ENSP00000296930	0	0	0	0	0.103	0.182	0	0.786	0.830
DDX5	EP300	9606.ENSP00000225792	9606.ENSP00000263253	0	0	0	0	0.062	0.700	0.600	0.671	0.958
DDX5	TP53	9606.ENSP00000225792	9606.ENSP00000269305	0	0	0	0	0	0.748	0.900	0.988	0.999
EP300	SIRT1	9606.ENSP00000263253	9606.ENSP00000212015	0	0	0	0	0.099	0.733	0.900	0.979	0.999
EP300	AURKA	9606.ENSP00000263253	9606.ENSP00000216911	0	0	0	0	0	0	0.650	0.217	0.714
EP300	DDX5	9606.ENSP00000263253	9606.ENSP00000225792	0	0	0	0	0.062	0.700	0.600	0.671	0.958
EP300	UBE3A	9606.ENSP00000263253	9606.ENSP00000232165	0	0	0	0	0.061	0.061	0	0.553	0.572
EP300	RPA1	9606.ENSP00000263253	9606.ENSP00000254719	0	0	0	0	0.063	0.129	0.900	0.162	0.922
EP300	MDM2	9606.ENSP00000263253	9606.ENSP00000258149	0	0	0	0	0	0.874	0.900	0.989	0.999
EP300	CREBBP	9606.ENSP00000263253	9606.ENSP00000262367	0	0	0	0.957	0.835	0.805	0.900	0.989	0.996
EP300	JAK2	9606.ENSP00000263253	9606.ENSP00000371067	0	0	0	0	0	0.120	0	0.395	0.445
EP300	GSK3B	9606.ENSP00000263253	9606.ENSP00000324806	0	0	0	0	0.062	0.120	0	0.401	0.462
EP300	TET2	9606.ENSP00000263253	9606.ENSP00000442788	0	0	0	0	0.066	0	0	0.460	0.474
EP300	ATM	9606.ENSP00000263253	9606.ENSP00000278616	0	0	0	0	0.065	0.065	0	0.579	0.599
EP300	HSP90AA1	9606.ENSP00000263253	9606.ENSP00000335153	0	0.005	0	0	0	0.285	0	0.475	0.609
EP300	NPM1	9606.ENSP00000263253	9606.ENSP00000296930	0	0	0	0	0	0.495	0	0.349	0.657
EP300	PTEN	9606.ENSP00000263253	9606.ENSP00000361021	0	0	0	0	0.062	0.101	0	0.742	0.764
EP300	STAT4	9606.ENSP00000263253	9606.ENSP00000376134	0	0	0	0	0.062	0.056	0.600	0.536	0.813
EP300	CDK2	9606.ENSP00000263253	9606.ENSP00000266970	0	0	0	0	0.062	0.757	0	0.502	0.876
EP300	SFN	9606.ENSP00000263253	9606.ENSP00000340989	0	0	0	0	0	0.077	0.900	0.212	0.920
EP300	NOS3	9606.ENSP00000263253	9606.ENSP00000297494	0	0	0	0	0.049	0	0.900	0.294	0.926
EP300	KAT5	9606.ENSP00000263253	9606.ENSP00000340330	0	0	0	0	0.085	0.378	0.300	0.876	0.944
EP300	STAT5B	9606.ENSP00000263253	9606.ENSP00000293328	0	0	0	0	0.062	0.225	0.900	0.757	0.980
EP300	STAT5A	9606.ENSP00000263253	9606.ENSP00000341208	0	0	0	0	0.062	0.746	0.900	0.803	0.994
EP300	AKT1	9606.ENSP00000263253	9606.ENSP00000451828	0	0	0	0	0	0.885	0.900	0.903	0.998
EP300	TP53	9606.ENSP00000263253	9606.ENSP00000269305	0	0	0	0	0	0.998	0.900	0.989	0.999
EP300	STAT3	9606.ENSP00000263253	9606.ENSP00000264657	0	0	0	0	0.062	0.872	0.900	0.989	0.999
EP300	SP1	9606.ENSP00000263253	9606.ENSP00000329357	0	0	0	0	0.125	0.916	0.900	0.974	0.999
EPOR	THPO	9606.ENSP00000222139	9606.ENSP00000204615	0	0	0	0	0	0	0.600	0.709	0.878
EPOR	BCL2L1	9606.ENSP00000222139	9606.ENSP00000302564	0	0	0	0	0	0	0	0.521	0.521
EPOR	NOS3	9606.ENSP00000222139	9606.ENSP00000297494	0	0	0	0	0.062	0	0	0.514	0.525
EPOR	AKT1	9606.ENSP00000222139	9606.ENSP00000451828	0	0	0	0	0	0.058	0	0.603	0.610
EPOR	IFNG	9606.ENSP00000222139	9606.ENSP00000229135	0	0	0	0	0	0	0.600	0.192	0.663
EPOR	IL10	9606.ENSP00000222139	9606.ENSP00000412237	0	0	0	0	0	0	0.600	0.235	0.680
EPOR	STAT3	9606.ENSP00000222139	9606.ENSP00000264657	0	0	0	0	0	0	0	0.735	0.735
EPOR	PTPN11	9606.ENSP00000222139	9606.ENSP00000340944	0	0	0	0	0	0.486	0	0.565	0.767
EPOR	SH2B3	9606.ENSP00000222139	9606.ENSP00000345492	0	0	0	0	0.062	0	0.900	0.556	0.954
EPOR	SOCS3	9606.ENSP00000222139	9606.ENSP00000330341	0	0	0	0	0	0.495	0.900	0.818	0.990
EPOR	STAT5B	9606.ENSP00000222139	9606.ENSP00000293328	0	0	0	0	0	0.213	0.900	0.923	0.993
EPOR	STAT5A	9606.ENSP00000222139	9606.ENSP00000341208	0	0	0	0	0	0.677	0.900	0.984	0.999
EPOR	JAK2	9606.ENSP00000222139	9606.ENSP00000371067	0	0	0	0	0	0.974	0.900	0.993	0.999
F2	THPO	9606.ENSP00000308541	9606.ENSP00000204615	0	0	0	0	0.083	0	0	0.404	0.430
F2	F9	9606.ENSP00000308541	9606.ENSP00000218099	0	0	0.408	0.727	0.251	0.213	0.650	0.914	0.849
F2	IFNG	9606.ENSP00000308541	9606.ENSP00000229135	0	0	0	0	0	0	0	0.402	0.402
F2	SLC9A3R1	9606.ENSP00000308541	9606.ENSP00000262613	0	0	0	0	0	0	0.900	0	0.900
F2	NOS3	9606.ENSP00000308541	9606.ENSP00000297494	0	0	0	0	0	0	0	0.405	0.405
F2	IL10	9606.ENSP00000308541	9606.ENSP00000412237	0	0	0	0	0	0	0	0.446	0.446
F2	AKT1	9606.ENSP00000308541	9606.ENSP00000451828	0	0	0	0	0	0.056	0	0.521	0.529
F2	C4A	9606.ENSP00000308541	9606.ENSP00000396688	0	0	0	0	0.152	0.134	0	0.455	0.565
F2	PROS1	9606.ENSP00000308541	9606.ENSP00000377783	0	0	0	0.561	0.062	0.213	0.900	0.459	0.935
F2	SERPINC1	9606.ENSP00000308541	9606.ENSP00000356671	0	0	0	0	0.813	0.937	0.900	0.968	0.999
F9	PROS1	9606.ENSP00000218099	9606.ENSP00000377783	0	0	0	0.614	0.065	0	0.600	0.337	0.656
F9	F2	9606.ENSP00000218099	9606.ENSP00000308541	0	0	0.408	0.727	0.251	0.213	0.650	0.914	0.849
F9	SERPINC1	9606.ENSP00000218099	9606.ENSP00000356671	0	0	0	0	0.645	0.933	0.900	0.947	0.999
FADD	AURKA	9606.ENSP00000301838	9606.ENSP00000216911	0	0	0	0	0.070	0	0	0.479	0.496
FADD	MEFV	9606.ENSP00000301838	9606.ENSP00000219596	0	0	0	0	0	0	0	0.404	0.404
FADD	TP53	9606.ENSP00000301838	9606.ENSP00000269305	0	0	0	0	0.063	0	0	0.638	0.646
FADD	PTEN	9606.ENSP00000301838	9606.ENSP00000361021	0	0	0	0	0	0	0	0.486	0.486
FADD	AKT1	9606.ENSP00000301838	9606.ENSP00000451828	0	0	0	0	0.073	0.069	0	0.564	0.591
FADD	BCL2L1	9606.ENSP00000301838	9606.ENSP00000302564	0	0	0	0	0.065	0	0	0.739	0.746
FADD	FAS	9606.ENSP00000301838	9606.ENSP00000347979	0	0	0	0	0	0.983	0.900	0.990	0.999
FAS	IFNG	9606.ENSP00000347979	9606.ENSP00000229135	0	0	0	0	0.060	0	0	0.627	0.634
FAS	MDM2	9606.ENSP00000347979	9606.ENSP00000258149	0	0	0	0	0	0	0	0.401	0.400
FAS	STAT3	9606.ENSP00000347979	9606.ENSP00000264657	0	0	0	0	0.062	0	0	0.466	0.478
FAS	TP53	9606.ENSP00000347979	9606.ENSP00000269305	0	0	0	0	0.063	0	0.900	0.682	0.967
FAS	STAT5B	9606.ENSP00000347979	9606.ENSP00000293328	0	0	0	0	0.056	0	0.900	0.324	0.930
FAS	FADD	9606.ENSP00000347979	9606.ENSP00000301838	0	0	0	0	0	0.983	0.900	0.990	0.999
FAS	BCL2L1	9606.ENSP00000347979	9606.ENSP00000302564	0	0	0	0	0	0	0	0.691	0.692
FAS	STAT5A	9606.ENSP00000347979	9606.ENSP00000341208	0	0	0	0	0.062	0	0.900	0.333	0.932
FAS	AKT1	9606.ENSP00000347979	9606.ENSP00000451828	0	0	0	0	0	0	0	0.548	0.548
FAS	IL10	9606.ENSP00000347979	9606.ENSP00000412237	0	0	0	0	0	0	0	0.606	0.606
GSK3B	SIRT1	9606.ENSP00000324806	9606.ENSP00000212015	0	0	0	0	0	0	0	0.516	0.516
GSK3B	AURKA	9606.ENSP00000324806	9606.ENSP00000216911	0	0	0.326	0.624	0	0.689	0.900	0.574	0.977
GSK3B	UBE3A	9606.ENSP00000324806	9606.ENSP00000232165	0	0	0	0	0.064	0.324	0	0.129	0.401
GSK3B	MDM2	9606.ENSP00000324806	9606.ENSP00000258149	0	0	0	0	0.062	0.345	0	0.498	0.665
GSK3B	CREBBP	9606.ENSP00000324806	9606.ENSP00000262367	0	0	0	0	0.063	0.120	0	0.468	0.523
GSK3B	PHLPP1	9606.ENSP00000324806	9606.ENSP00000262719	0	0	0	0	0.062	0.282	0	0.289	0.480
GSK3B	EP300	9606.ENSP00000324806	9606.ENSP00000263253	0	0	0	0	0.062	0.120	0	0.401	0.462
GSK3B	STAT3	9606.ENSP00000324806	9606.ENSP00000264657	0	0	0	0	0.062	0.140	0	0.702	0.739
GSK3B	TP53	9606.ENSP00000324806	9606.ENSP00000269305	0	0	0	0	0	0.866	0.900	0.973	0.999
GSK3B	NOS3	9606.ENSP00000324806	9606.ENSP00000297494	0	0	0	0	0.062	0.077	0	0.464	0.495
GSK3B	BCL2L1	9606.ENSP00000324806	9606.ENSP00000302564	0	0	0	0	0	0.270	0	0.672	0.751
GSK3B	IRS1	9606.ENSP00000324806	9606.ENSP00000304895	0	0	0	0	0	0.339	0	0.651	0.759
GSK3B	SFN	9606.ENSP00000324806	9606.ENSP00000340989	0	0	0	0	0.058	0.319	0	0.178	0.427
GSK3B	IL10	9606.ENSP00000324806	9606.ENSP00000412237	0	0	0	0	0	0.060	0	0.419	0.431
GSK3B	SP1	9606.ENSP00000324806	9606.ENSP00000329357	0	0	0	0	0.063	0.289	0	0.223	0.438
GSK3B	PTPN11	9606.ENSP00000324806	9606.ENSP00000340944	0	0	0	0	0.068	0.299	0	0.300	0.503
GSK3B	PTEN	9606.ENSP00000324806	9606.ENSP00000361021	0	0	0	0	0.062	0.113	0	0.771	0.793
GSK3B	HSP90AA1	9606.ENSP00000324806	9606.ENSP00000335153	0	0	0	0	0	0.640	0	0.613	0.855
GSK3B	AKT1	9606.ENSP00000324806	9606.ENSP00000451828	0	0	0.218	0.576	0.049	0.934	0.900	0.873	0.996
HLA-B	IFNG	9606.ENSP00000399168	9606.ENSP00000229135	0	0	0	0	0.061	0	0	0.414	0.426
HLA-B	PDIA3	9606.ENSP00000399168	9606.ENSP00000300289	0	0	0	0	0	0.270	0.600	0.417	0.814
HLA-B	CALR	9606.ENSP00000399168	9606.ENSP00000320866	0	0	0	0	0	0.270	0.600	0.378	0.802
HLA-B	IL23R	9606.ENSP00000399168	9606.ENSP00000321345	0	0	0	0	0	0	0	0.405	0.405
HLA-B	PTPN22	9606.ENSP00000399168	9606.ENSP00000352833	0	0	0	0	0.088	0	0	0.454	0.480
HLA-B	HLA-DRB1	9606.ENSP00000399168	9606.ENSP00000353099	0	0	0	0.621	0.163	0	0.900	0.880	0.941
HLA-B	C4A	9606.ENSP00000399168	9606.ENSP00000396688	0	0	0	0	0.088	0	0	0.529	0.552
HLA-DRB1	IL10RA	9606.ENSP00000353099	9606.ENSP00000227752	0	0	0	0	0.298	0	0	0.191	0.408
HLA-DRB1	IFNG	9606.ENSP00000353099	9606.ENSP00000229135	0	0	0	0	0.094	0	0	0.460	0.490
HLA-DRB1	PTPN11	9606.ENSP00000353099	9606.ENSP00000340944	0	0	0	0	0.062	0	0.900	0.108	0.909
HLA-DRB1	PTPN22	9606.ENSP00000353099	9606.ENSP00000352833	0	0	0	0	0.128	0	0.900	0.894	0.989
HLA-DRB1	IL10	9606.ENSP00000353099	9606.ENSP00000412237	0	0	0	0	0	0	0	0.480	0.480
HLA-DRB1	C4A	9606.ENSP00000353099	9606.ENSP00000396688	0	0	0	0	0.080	0	0	0.469	0.490
HLA-DRB1	STAT4	9606.ENSP00000353099	9606.ENSP00000376134	0	0	0	0	0.069	0	0	0.611	0.622
HLA-DRB1	HLA-B	9606.ENSP00000353099	9606.ENSP00000399168	0	0	0	0.621	0.163	0	0.900	0.880	0.941
HSP90AA1	SIRT1	9606.ENSP00000335153	9606.ENSP00000212015	0.045	0	0	0	0	0.426	0	0.627	0.778
HSP90AA1	AURKA	9606.ENSP00000335153	9606.ENSP00000216911	0	0	0	0	0.072	0.088	0	0.398	0.446
HSP90AA1	IFNG	9606.ENSP00000335153	9606.ENSP00000229135	0	0	0	0	0	0	0.900	0.338	0.931
HSP90AA1	UBE3A	9606.ENSP00000335153	9606.ENSP00000232165	0	0	0	0	0	0.070	0.900	0.334	0.932
HSP90AA1	MDM2	9606.ENSP00000335153	9606.ENSP00000258149	0	0	0	0	0	0.675	0	0.951	0.983
HSP90AA1	CREBBP	9606.ENSP00000335153	9606.ENSP00000262367	0	0.009	0	0	0	0.061	0	0.388	0.401
HSP90AA1	SLC9A3R1	9606.ENSP00000335153	9606.ENSP00000262613	0	0	0	0	0	0.061	0	0.469	0.480
HSP90AA1	PHLPP1	9606.ENSP00000335153	9606.ENSP00000262719	0	0	0	0	0	0.182	0	0.520	0.590
HSP90AA1	EP300	9606.ENSP00000335153	9606.ENSP00000263253	0	0.005	0	0	0	0.285	0	0.475	0.609
HSP90AA1	STAT3	9606.ENSP00000335153	9606.ENSP00000264657	0	0	0	0	0	0.270	0.900	0.988	0.999
HSP90AA1	CDK2	9606.ENSP00000335153	9606.ENSP00000266970	0	0	0	0	0.053	0.335	0	0.808	0.869
HSP90AA1	TP53	9606.ENSP00000335153	9606.ENSP00000269305	0	0	0	0	0.049	0.899	0.900	0.989	0.999
HSP90AA1	ATM	9606.ENSP00000335153	9606.ENSP00000278616	0	0	0	0	0	0	0	0.946	0.947
HSP90AA1	STAT5B	9606.ENSP00000335153	9606.ENSP00000293328	0	0	0	0	0	0	0	0.580	0.580
HSP90AA1	NPM1	9606.ENSP00000335153	9606.ENSP00000296930	0	0	0	0	0.228	0.294	0	0.768	0.863
HSP90AA1	NOS3	9606.ENSP00000335153	9606.ENSP00000297494	0	0	0	0	0.062	0.760	0.900	0.989	0.999
HSP90AA1	HSP90B1	9606.ENSP00000335153	9606.ENSP00000299767	0	0	0.449	0.912	0.238	0.135	0.800	0.941	0.873
HSP90AA1	PDIA3	9606.ENSP00000335153	9606.ENSP00000300289	0	0	0	0	0.066	0.152	0	0.600	0.656
HSP90AA1	BCL2L1	9606.ENSP00000335153	9606.ENSP00000302564	0	0	0	0	0	0	0	0.601	0.601
HSP90AA1	IRS1	9606.ENSP00000335153	9606.ENSP00000304895	0	0	0	0	0	0.161	0	0.479	0.544
HSP90AA1	CALR	9606.ENSP00000335153	9606.ENSP00000320866	0	0	0	0	0.185	0.077	0	0.878	0.900
HSP90AA1	GSK3B	9606.ENSP00000335153	9606.ENSP00000324806	0	0	0	0	0	0.640	0	0.613	0.855
HSP90AA1	P4HB	9606.ENSP00000335153	9606.ENSP00000327801	0	0	0	0	0.065	0.356	0	0.622	0.753
HSP90AA1	SP1	9606.ENSP00000335153	9606.ENSP00000329357	0	0	0	0	0.082	0.496	0	0.469	0.733
HSP90AA1	SOCS3	9606.ENSP00000335153	9606.ENSP00000330341	0	0	0	0	0	0	0.900	0.399	0.937
HSP90AA1	IL10	9606.ENSP00000335153	9606.ENSP00000412237	0	0	0	0	0	0	0	0.420	0.420
HSP90AA1	MYH7	9606.ENSP00000335153	9606.ENSP00000347507	0	0	0	0	0.064	0.305	0	0.183	0.422
HSP90AA1	STAT5A	9606.ENSP00000335153	9606.ENSP00000341208	0	0	0	0	0	0	0	0.459	0.459
HSP90AA1	PTPN11	9606.ENSP00000335153	9606.ENSP00000340944	0	0	0	0	0.063	0.145	0	0.447	0.518
HSP90AA1	KAT5	9606.ENSP00000335153	9606.ENSP00000340330	0	0	0	0	0.062	0.396	0	0.244	0.534
HSP90AA1	PTEN	9606.ENSP00000335153	9606.ENSP00000361021	0	0	0	0	0	0.434	0	0.606	0.767
HSP90AA1	SFN	9606.ENSP00000335153	9606.ENSP00000340989	0	0	0	0	0.065	0.178	0.900	0.271	0.936
HSP90AA1	JAK2	9606.ENSP00000335153	9606.ENSP00000371067	0	0	0	0	0	0.362	0	0.912	0.942
HSP90AA1	AKT1	9606.ENSP00000335153	9606.ENSP00000451828	0	0	0	0	0.062	0.946	0.900	0.991	0.999
HSP90B1	STAT3	9606.ENSP00000299767	9606.ENSP00000264657	0	0	0	0	0	0.270	0	0.256	0.433
HSP90B1	TP53	9606.ENSP00000299767	9606.ENSP00000269305	0	0	0	0	0	0.282	0	0.395	0.547
HSP90B1	NOS3	9606.ENSP00000299767	9606.ENSP00000297494	0	0	0	0	0	0.057	0.800	0.181	0.832
HSP90B1	HSP90AA1	9606.ENSP00000299767	9606.ENSP00000335153	0	0	0.449	0.912	0.238	0.135	0.800	0.941	0.873
HSP90B1	AKT1	9606.ENSP00000299767	9606.ENSP00000451828	0	0	0	0	0	0.361	0.600	0.773	0.937
HSP90B1	PDIA3	9606.ENSP00000299767	9606.ENSP00000300289	0	0	0	0	0.904	0.349	0	0.785	0.985
HSP90B1	P4HB	9606.ENSP00000299767	9606.ENSP00000327801	0	0	0	0	0.632	0.775	0.360	0.927	0.995
HSP90B1	CALR	9606.ENSP00000299767	9606.ENSP00000320866	0	0	0	0	0.954	0.786	0.300	0.919	0.999
IFNG	EPOR	9606.ENSP00000229135	9606.ENSP00000222139	0	0	0	0	0	0	0.600	0.192	0.663
IFNG	IL10RA	9606.ENSP00000229135	9606.ENSP00000227752	0	0	0	0	0.097	0	0.600	0.545	0.821
IFNG	F2	9606.ENSP00000229135	9606.ENSP00000308541	0	0	0	0	0	0	0	0.402	0.402
IFNG	PTEN	9606.ENSP00000229135	9606.ENSP00000361021	0	0	0	0	0	0	0	0.405	0.405
IFNG	CALR	9606.ENSP00000229135	9606.ENSP00000320866	0	0	0	0	0	0	0	0.421	0.421
IFNG	HLA-B	9606.ENSP00000229135	9606.ENSP00000399168	0	0	0	0	0.061	0	0	0.414	0.426
IFNG	HLA-DRB1	9606.ENSP00000229135	9606.ENSP00000353099	0	0	0	0	0.094	0	0	0.460	0.490
IFNG	BCL2L1	9606.ENSP00000229135	9606.ENSP00000302564	0	0	0	0	0.052	0	0	0.484	0.490
IFNG	NOS3	9606.ENSP00000229135	9606.ENSP00000297494	0	0	0	0	0	0	0	0.502	0.502
IFNG	STAT5B	9606.ENSP00000229135	9606.ENSP00000293328	0	0	0	0	0.062	0	0	0.543	0.553
IFNG	AKT1	9606.ENSP00000229135	9606.ENSP00000451828	0	0	0	0	0	0	0	0.605	0.605
IFNG	FAS	9606.ENSP00000229135	9606.ENSP00000347979	0	0	0	0	0.060	0	0	0.627	0.634
IFNG	MPL	9606.ENSP00000229135	9606.ENSP00000361548	0	0	0	0	0	0	0.600	0.151	0.645
IFNG	TP53	9606.ENSP00000229135	9606.ENSP00000269305	0	0	0	0	0	0	0	0.657	0.657
IFNG	LEPR	9606.ENSP00000229135	9606.ENSP00000330393	0	0	0	0	0	0	0.600	0.269	0.695
IFNG	IL10RB	9606.ENSP00000229135	9606.ENSP00000290200	0	0	0	0	0	0	0.600	0.387	0.744
IFNG	STAT3	9606.ENSP00000229135	9606.ENSP00000264657	0	0	0	0	0.062	0	0	0.806	0.810
IFNG	IL23R	9606.ENSP00000229135	9606.ENSP00000321345	0	0	0	0	0	0	0.600	0.558	0.815
IFNG	SOCS3	9606.ENSP00000229135	9606.ENSP00000330341	0	0	0	0	0.062	0	0.600	0.575	0.826
IFNG	HSP90AA1	9606.ENSP00000229135	9606.ENSP00000335153	0	0	0	0	0	0	0.900	0.338	0.931
IFNG	PTPN11	9606.ENSP00000229135	9606.ENSP00000340944	0	0	0	0	0	0	0.900	0.373	0.934
IFNG	IL10	9606.ENSP00000229135	9606.ENSP00000412237	0	0	0	0	0.066	0	0	0.950	0.951
IFNG	SOCS1	9606.ENSP00000229135	9606.ENSP00000329418	0	0	0	0	0.085	0	0.900	0.592	0.959
IFNG	STAT5A	9606.ENSP00000229135	9606.ENSP00000341208	0	0	0	0	0.062	0	0.900	0.627	0.962
IFNG	JAK2	9606.ENSP00000229135	9606.ENSP00000371067	0	0	0	0	0	0	0.900	0.688	0.967
IFNG	STAT4	9606.ENSP00000229135	9606.ENSP00000376134	0	0	0	0	0.096	0	0.900	0.670	0.967
IFNG	IFNGR2	9606.ENSP00000229135	9606.ENSP00000290219	0	0	0	0	0	0.847	0.800	0.862	0.995
IFNG	IFNGR1	9606.ENSP00000229135	9606.ENSP00000356713	0	0	0	0	0	0.977	0.900	0.977	0.999
IFNGR1	THPO	9606.ENSP00000356713	9606.ENSP00000204615	0	0	0	0	0	0	0.600	0.095	0.622
IFNGR1	IL10RA	9606.ENSP00000356713	9606.ENSP00000227752	0	0	0	0	0.062	0	0	0.553	0.562
IFNGR1	IFNG	9606.ENSP00000356713	9606.ENSP00000229135	0	0	0	0	0	0.977	0.900	0.977	0.999
IFNGR1	STAT3	9606.ENSP00000356713	9606.ENSP00000264657	0	0	0	0	0	0.057	0	0.634	0.641
IFNGR1	IL10RB	9606.ENSP00000356713	9606.ENSP00000290200	0	0	0	0	0.063	0	0	0.611	0.620
IFNGR1	IFNGR2	9606.ENSP00000356713	9606.ENSP00000290219	0	0	0	0	0.139	0.835	0.800	0.989	0.999
IFNGR1	STAT5B	9606.ENSP00000356713	9606.ENSP00000293328	0	0	0	0	0	0.057	0	0.490	0.498
IFNGR1	SOCS1	9606.ENSP00000356713	9606.ENSP00000329418	0	0	0	0	0	0.438	0.900	0.903	0.994
IFNGR1	SOCS3	9606.ENSP00000356713	9606.ENSP00000330341	0	0	0	0	0	0.057	0.600	0.451	0.774
IFNGR1	PTPN11	9606.ENSP00000356713	9606.ENSP00000340944	0	0	0	0	0.049	0.225	0.900	0.245	0.936
IFNGR1	STAT4	9606.ENSP00000356713	9606.ENSP00000376134	0	0	0	0	0	0.057	0	0.697	0.702
IFNGR1	IL10	9606.ENSP00000356713	9606.ENSP00000412237	0	0	0	0	0	0	0.600	0.549	0.811
IFNGR1	JAK2	9606.ENSP00000356713	9606.ENSP00000371067	0	0	0	0	0.049	0.707	0.900	0.984	0.999
IFNGR2	THPO	9606.ENSP00000290219	9606.ENSP00000204615	0	0	0	0	0	0	0.600	0.048	0.602
IFNGR2	IL10RA	9606.ENSP00000290219	9606.ENSP00000227752	0	0	0	0	0.062	0	0	0.405	0.418
IFNGR2	IFNG	9606.ENSP00000290219	9606.ENSP00000229135	0	0	0	0	0	0.847	0.800	0.862	0.995
IFNGR2	STAT3	9606.ENSP00000290219	9606.ENSP00000264657	0	0	0	0	0	0.056	0	0.391	0.400
IFNGR2	STAT4	9606.ENSP00000290219	9606.ENSP00000376134	0	0	0	0	0	0.056	0	0.509	0.517
IFNGR2	SOCS3	9606.ENSP00000290219	9606.ENSP00000330341	0	0	0	0	0	0	0.600	0.279	0.699
IFNGR2	SOCS1	9606.ENSP00000290219	9606.ENSP00000329418	0	0	0	0	0	0	0.600	0.407	0.752
IFNGR2	IL10	9606.ENSP00000290219	9606.ENSP00000412237	0	0	0	0	0	0	0.600	0.420	0.758
IFNGR2	PTPN11	9606.ENSP00000290219	9606.ENSP00000340944	0	0	0	0	0.049	0	0.900	0.167	0.913
IFNGR2	JAK2	9606.ENSP00000290219	9606.ENSP00000371067	0	0	0	0	0.049	0.576	0.800	0.981	0.998
IFNGR2	IFNGR1	9606.ENSP00000290219	9606.ENSP00000356713	0	0	0	0	0.139	0.835	0.800	0.989	0.999
IL10	SIRT1	9606.ENSP00000412237	9606.ENSP00000212015	0	0	0	0	0	0	0	0.481	0.481
IL10	MEFV	9606.ENSP00000412237	9606.ENSP00000219596	0	0	0	0	0.095	0	0	0.452	0.483
IL10	EPOR	9606.ENSP00000412237	9606.ENSP00000222139	0	0	0	0	0	0	0.600	0.235	0.680
IL10	IL10RA	9606.ENSP00000412237	9606.ENSP00000227752	0	0	0	0	0.075	0.981	0.900	0.989	0.999
IL10	IFNG	9606.ENSP00000412237	9606.ENSP00000229135	0	0	0	0	0.066	0	0	0.950	0.951
IL10	STAT3	9606.ENSP00000412237	9606.ENSP00000264657	0	0	0	0	0	0.345	0.600	0.946	0.984
IL10	TP53	9606.ENSP00000412237	9606.ENSP00000269305	0	0	0	0	0	0	0	0.580	0.580
IL10	IL10RB	9606.ENSP00000412237	9606.ENSP00000290200	0	0	0	0	0	0.762	0.900	0.995	0.999
IL10	IFNGR2	9606.ENSP00000412237	9606.ENSP00000290219	0	0	0	0	0	0	0.600	0.420	0.758
IL10	STAT5B	9606.ENSP00000412237	9606.ENSP00000293328	0	0	0	0	0	0.068	0	0.669	0.678
IL10	NOS3	9606.ENSP00000412237	9606.ENSP00000297494	0	0	0	0	0	0	0	0.642	0.643
IL10	BCL2L1	9606.ENSP00000412237	9606.ENSP00000302564	0	0	0	0	0	0	0	0.568	0.568
IL10	IRS1	9606.ENSP00000412237	9606.ENSP00000304895	0	0	0	0	0	0	0	0.404	0.404
IL10	F2	9606.ENSP00000412237	9606.ENSP00000308541	0	0	0	0	0	0	0	0.446	0.446
IL10	CALR	9606.ENSP00000412237	9606.ENSP00000320866	0	0	0	0	0	0	0	0.459	0.459
IL10	IL23R	9606.ENSP00000412237	9606.ENSP00000321345	0	0	0	0	0	0	0.600	0.657	0.857
IL10	GSK3B	9606.ENSP00000412237	9606.ENSP00000324806	0	0	0	0	0	0.060	0	0.419	0.431
IL10	SOCS1	9606.ENSP00000412237	9606.ENSP00000329418	0	0	0	0	0	0	0	0.670	0.670
IL10	SOCS3	9606.ENSP00000412237	9606.ENSP00000330341	0	0	0	0	0.062	0	0	0.732	0.738
IL10	LEPR	9606.ENSP00000412237	9606.ENSP00000330393	0	0	0	0	0	0	0.600	0.383	0.742
IL10	HSP90AA1	9606.ENSP00000412237	9606.ENSP00000335153	0	0	0	0	0	0	0	0.420	0.420
IL10	PTPN11	9606.ENSP00000412237	9606.ENSP00000340944	0	0	0	0	0	0	0	0.427	0.427
IL10	STAT5A	9606.ENSP00000412237	9606.ENSP00000341208	0	0	0	0	0	0.068	0	0.671	0.680
IL10	FAS	9606.ENSP00000412237	9606.ENSP00000347979	0	0	0	0	0	0	0	0.606	0.606
IL10	PTPN22	9606.ENSP00000412237	9606.ENSP00000352833	0	0	0	0	0	0	0	0.469	0.469
IL10	HLA-DRB1	9606.ENSP00000412237	9606.ENSP00000353099	0	0	0	0	0	0	0	0.480	0.480
IL10	SERPINC1	9606.ENSP00000412237	9606.ENSP00000356671	0	0	0	0	0	0	0	0.404	0.404
IL10	IFNGR1	9606.ENSP00000412237	9606.ENSP00000356713	0	0	0	0	0	0	0.600	0.549	0.811
IL10	PTEN	9606.ENSP00000412237	9606.ENSP00000361021	0	0	0	0	0	0	0	0.481	0.481
IL10	MPL	9606.ENSP00000412237	9606.ENSP00000361548	0	0	0	0	0	0	0.600	0.134	0.638
IL10	JAK2	9606.ENSP00000412237	9606.ENSP00000371067	0	0	0	0	0	0.060	0	0.700	0.706
IL10	STAT4	9606.ENSP00000412237	9606.ENSP00000376134	0	0	0	0	0	0.068	0.900	0.707	0.970
IL10	C4A	9606.ENSP00000412237	9606.ENSP00000396688	0	0	0	0	0	0	0	0.404	0.404
IL10	AKT1	9606.ENSP00000412237	9606.ENSP00000451828	0	0	0	0	0	0.060	0	0.690	0.697
IL10RA	THPO	9606.ENSP00000227752	9606.ENSP00000204615	0	0	0	0	0	0	0.600	0	0.600
IL10RA	HLA-DRB1	9606.ENSP00000227752	9606.ENSP00000353099	0	0	0	0	0.298	0	0	0.191	0.408
IL10RA	SOCS1	9606.ENSP00000227752	9606.ENSP00000329418	0	0	0	0	0.081	0	0	0.391	0.416
IL10RA	STAT4	9606.ENSP00000227752	9606.ENSP00000376134	0	0	0	0	0.105	0.117	0	0.323	0.418
IL10RA	IFNGR2	9606.ENSP00000227752	9606.ENSP00000290219	0	0	0	0	0.062	0	0	0.405	0.418
IL10RA	IL23R	9606.ENSP00000227752	9606.ENSP00000321345	0	0	0	0	0	0	0	0.501	0.501
IL10RA	IFNGR1	9606.ENSP00000227752	9606.ENSP00000356713	0	0	0	0	0.062	0	0	0.553	0.562
IL10RA	SOCS3	9606.ENSP00000227752	9606.ENSP00000330341	0	0	0	0	0.074	0	0	0.626	0.639
IL10RA	JAK2	9606.ENSP00000227752	9606.ENSP00000371067	0	0	0	0	0.077	0	0.600	0.339	0.734
IL10RA	IFNG	9606.ENSP00000227752	9606.ENSP00000229135	0	0	0	0	0.097	0	0.600	0.545	0.821
IL10RA	STAT5B	9606.ENSP00000227752	9606.ENSP00000293328	0	0	0	0	0.070	0.117	0.900	0.391	0.943
IL10RA	STAT5A	9606.ENSP00000227752	9606.ENSP00000341208	0	0	0	0	0.141	0.117	0.900	0.393	0.947
IL10RA	STAT3	9606.ENSP00000227752	9606.ENSP00000264657	0	0	0	0	0.062	0.182	0.900	0.984	0.998
IL10RA	IL10	9606.ENSP00000227752	9606.ENSP00000412237	0	0	0	0	0.075	0.981	0.900	0.989	0.999
IL10RA	IL10RB	9606.ENSP00000227752	9606.ENSP00000290200	0	0	0	0	0.080	0.270	0.900	0.995	0.999
IL10RB	THPO	9606.ENSP00000290200	9606.ENSP00000204615	0	0	0	0	0	0	0.600	0	0.600
IL10RB	IL10RA	9606.ENSP00000290200	9606.ENSP00000227752	0	0	0	0	0.080	0.270	0.900	0.995	0.999
IL10RB	IFNG	9606.ENSP00000290200	9606.ENSP00000229135	0	0	0	0	0	0	0.600	0.387	0.744
IL10RB	STAT3	9606.ENSP00000290200	9606.ENSP00000264657	0	0	0	0	0.076	0.056	0.600	0.646	0.860
IL10RB	IL23R	9606.ENSP00000290200	9606.ENSP00000321345	0	0	0	0	0	0	0	0.414	0.414
IL10RB	SOCS3	9606.ENSP00000290200	9606.ENSP00000330341	0	0	0	0	0.063	0	0	0.487	0.499
IL10RB	IFNGR1	9606.ENSP00000290200	9606.ENSP00000356713	0	0	0	0	0.063	0	0	0.611	0.620
IL10RB	PTPN11	9606.ENSP00000290200	9606.ENSP00000340944	0	0	0	0	0.062	0	0.600	0.122	0.641
IL10RB	STAT4	9606.ENSP00000290200	9606.ENSP00000376134	0	0	0	0	0	0.056	0.600	0.370	0.741
IL10RB	JAK2	9606.ENSP00000290200	9606.ENSP00000371067	0	0	0	0	0	0.056	0.600	0.410	0.757
IL10RB	STAT5A	9606.ENSP00000290200	9606.ENSP00000341208	0	0	0	0	0.062	0.056	0.600	0.435	0.773
IL10RB	STAT5B	9606.ENSP00000290200	9606.ENSP00000293328	0	0	0	0	0.049	0.056	0.600	0.458	0.779
IL10RB	IL10	9606.ENSP00000290200	9606.ENSP00000412237	0	0	0	0	0	0.762	0.900	0.995	0.999
IL23R	THPO	9606.ENSP00000321345	9606.ENSP00000204615	0	0	0	0	0	0	0.600	0	0.600
IL23R	IL10RA	9606.ENSP00000321345	9606.ENSP00000227752	0	0	0	0	0	0	0	0.501	0.501
IL23R	IFNG	9606.ENSP00000321345	9606.ENSP00000229135	0	0	0	0	0	0	0.600	0.558	0.815
IL23R	STAT3	9606.ENSP00000321345	9606.ENSP00000264657	0	0	0	0	0	0.213	0.900	0.741	0.977
IL23R	IL10RB	9606.ENSP00000321345	9606.ENSP00000290200	0	0	0	0	0	0	0	0.414	0.414
IL23R	STAT5B	9606.ENSP00000321345	9606.ENSP00000293328	0	0	0	0	0	0	0	0.459	0.459
IL23R	HLA-B	9606.ENSP00000321345	9606.ENSP00000399168	0	0	0	0	0	0	0	0.405	0.405
IL23R	PTPN22	9606.ENSP00000321345	9606.ENSP00000352833	0	0	0	0	0.062	0	0	0.595	0.603
IL23R	IL10	9606.ENSP00000321345	9606.ENSP00000412237	0	0	0	0	0	0	0.600	0.657	0.857
IL23R	SOCS3	9606.ENSP00000321345	9606.ENSP00000330341	0	0	0	0	0	0	0.900	0.369	0.934
IL23R	STAT5A	9606.ENSP00000321345	9606.ENSP00000341208	0	0	0	0	0	0	0.900	0.460	0.943
IL23R	STAT4	9606.ENSP00000321345	9606.ENSP00000376134	0	0	0	0	0.062	0	0.900	0.653	0.964
IL23R	JAK2	9606.ENSP00000321345	9606.ENSP00000371067	0	0	0	0	0	0.213	0.900	0.959	0.996
IRS1	SIRT1	9606.ENSP00000304895	9606.ENSP00000212015	0	0	0	0	0.062	0.501	0	0.770	0.883
IRS1	MDM2	9606.ENSP00000304895	9606.ENSP00000258149	0	0	0	0	0	0.176	0	0.492	0.563
IRS1	PHLPP1	9606.ENSP00000304895	9606.ENSP00000262719	0	0	0	0	0	0.063	0	0.391	0.405
IRS1	STAT3	9606.ENSP00000304895	9606.ENSP00000264657	0	0	0	0	0.062	0	0	0.577	0.586
IRS1	TP53	9606.ENSP00000304895	9606.ENSP00000269305	0	0	0	0	0	0.182	0	0.530	0.599
IRS1	ATM	9606.ENSP00000304895	9606.ENSP00000278616	0	0	0	0	0	0	0	0.620	0.621
IRS1	APPL1	9606.ENSP00000304895	9606.ENSP00000288266	0	0	0	0	0	0	0	0.402	0.402
IRS1	STAT5B	9606.ENSP00000304895	9606.ENSP00000293328	0	0	0	0	0.062	0	0	0.428	0.440
IRS1	NOS3	9606.ENSP00000304895	9606.ENSP00000297494	0	0	0	0	0	0	0	0.728	0.728
IRS1	BCL2L1	9606.ENSP00000304895	9606.ENSP00000302564	0	0	0	0	0	0.270	0	0.519	0.634
IRS1	IL10	9606.ENSP00000304895	9606.ENSP00000412237	0	0	0	0	0	0	0	0.404	0.404
IRS1	STAT5A	9606.ENSP00000304895	9606.ENSP00000341208	0	0	0	0	0.062	0	0	0.416	0.428
IRS1	HSP90AA1	9606.ENSP00000304895	9606.ENSP00000335153	0	0	0	0	0	0.161	0	0.479	0.544
IRS1	GSK3B	9606.ENSP00000304895	9606.ENSP00000324806	0	0	0	0	0	0.339	0	0.651	0.759
IRS1	LEPR	9606.ENSP00000304895	9606.ENSP00000330393	0	0	0	0	0	0	0.600	0.576	0.823
IRS1	PTEN	9606.ENSP00000304895	9606.ENSP00000361021	0	0	0	0	0.062	0.269	0	0.791	0.844
IRS1	AKT1	9606.ENSP00000304895	9606.ENSP00000451828	0	0	0	0	0.062	0.535	0	0.917	0.960
IRS1	SOCS1	9606.ENSP00000304895	9606.ENSP00000329418	0	0	0	0	0	0.746	0.900	0.691	0.991
IRS1	SOCS3	9606.ENSP00000304895	9606.ENSP00000330341	0	0	0	0	0	0.462	0.900	0.913	0.994
IRS1	PTPN11	9606.ENSP00000304895	9606.ENSP00000340944	0	0	0	0	0	0.973	0.900	0.991	0.999
IRS1	JAK2	9606.ENSP00000304895	9606.ENSP00000371067	0	0	0	0	0	0.878	0.900	0.982	0.999
JAK2	THPO	9606.ENSP00000371067	9606.ENSP00000204615	0	0	0	0	0	0	0.900	0.685	0.967
JAK2	EPOR	9606.ENSP00000371067	9606.ENSP00000222139	0	0	0	0	0	0.974	0.900	0.993	0.999
JAK2	IL10RA	9606.ENSP00000371067	9606.ENSP00000227752	0	0	0	0	0.077	0	0.600	0.339	0.734
JAK2	IFNG	9606.ENSP00000371067	9606.ENSP00000229135	0	0	0	0	0	0	0.900	0.688	0.967
JAK2	MDM2	9606.ENSP00000371067	9606.ENSP00000258149	0	0	0	0	0.062	0.056	0	0.424	0.445
JAK2	CREBBP	9606.ENSP00000371067	9606.ENSP00000262367	0	0	0	0	0	0.120	0	0.395	0.445
JAK2	EP300	9606.ENSP00000371067	9606.ENSP00000263253	0	0	0	0	0	0.120	0	0.395	0.445
JAK2	STAT3	9606.ENSP00000371067	9606.ENSP00000264657	0	0	0	0	0.053	0.884	0.900	0.995	0.999
JAK2	TP53	9606.ENSP00000371067	9606.ENSP00000269305	0	0	0	0	0.049	0.056	0	0.685	0.692
JAK2	ATM	9606.ENSP00000371067	9606.ENSP00000278616	0	0	0	0	0.062	0.056	0	0.503	0.521
JAK2	IL10RB	9606.ENSP00000371067	9606.ENSP00000290200	0	0	0	0	0	0.056	0.600	0.410	0.757
JAK2	IFNGR2	9606.ENSP00000371067	9606.ENSP00000290219	0	0	0	0	0.049	0.576	0.800	0.981	0.998
JAK2	STAT5B	9606.ENSP00000371067	9606.ENSP00000293328	0	0	0	0	0.062	0.926	0.900	0.992	0.999
JAK2	NPM1	9606.ENSP00000371067	9606.ENSP00000296930	0	0	0	0	0	0.062	0	0.654	0.661
JAK2	NOS3	9606.ENSP00000371067	9606.ENSP00000297494	0	0	0	0	0	0.077	0	0.404	0.426
JAK2	BCL2L1	9606.ENSP00000371067	9606.ENSP00000302564	0	0	0	0	0.054	0	0	0.703	0.707
JAK2	IRS1	9606.ENSP00000371067	9606.ENSP00000304895	0	0	0	0	0	0.878	0.900	0.982	0.999
JAK2	CALR	9606.ENSP00000371067	9606.ENSP00000320866	0	0	0	0	0	0.056	0	0.759	0.762
JAK2	IL23R	9606.ENSP00000371067	9606.ENSP00000321345	0	0	0	0	0	0.213	0.900	0.959	0.996
JAK2	SOCS1	9606.ENSP00000371067	9606.ENSP00000329418	0	0	0	0	0.060	0.908	0.900	0.990	0.999
JAK2	SOCS3	9606.ENSP00000371067	9606.ENSP00000330341	0	0	0	0	0.062	0.902	0.900	0.992	0.999
JAK2	LEPR	9606.ENSP00000371067	9606.ENSP00000330393	0	0	0	0	0	0.896	0.900	0.965	0.999
JAK2	HSP90AA1	9606.ENSP00000371067	9606.ENSP00000335153	0	0	0	0	0	0.362	0	0.912	0.942
JAK2	PTPN11	9606.ENSP00000371067	9606.ENSP00000340944	0	0	0	0	0.062	0.800	0.900	0.983	0.999
JAK2	STAT5A	9606.ENSP00000371067	9606.ENSP00000341208	0	0	0	0	0.096	0.962	0.900	0.979	0.999
JAK2	SH2B3	9606.ENSP00000371067	9606.ENSP00000345492	0	0	0	0	0.062	0.182	0.900	0.884	0.989
JAK2	IFNGR1	9606.ENSP00000371067	9606.ENSP00000356713	0	0	0	0	0.049	0.707	0.900	0.984	0.999
JAK2	PTEN	9606.ENSP00000371067	9606.ENSP00000361021	0	0	0	0	0.066	0.111	0	0.712	0.740
JAK2	MPL	9606.ENSP00000371067	9606.ENSP00000361548	0	0	0	0	0	0.705	0.900	0.943	0.998
JAK2	IL10	9606.ENSP00000371067	9606.ENSP00000412237	0	0	0	0	0	0.060	0	0.700	0.706
JAK2	TET2	9606.ENSP00000371067	9606.ENSP00000442788	0	0	0	0	0.085	0	0	0.739	0.751
JAK2	STAT4	9606.ENSP00000371067	9606.ENSP00000376134	0	0	0	0	0.058	0.140	0.900	0.819	0.983
KAT5	SIRT1	9606.ENSP00000340330	9606.ENSP00000212015	0	0	0	0	0.062	0.746	0	0.827	0.955
KAT5	DDX5	9606.ENSP00000340330	9606.ENSP00000225792	0	0	0	0	0.062	0.057	0.600	0.195	0.677
KAT5	RPA1	9606.ENSP00000340330	9606.ENSP00000254719	0	0	0	0	0.082	0	0.600	0.152	0.661
KAT5	MDM2	9606.ENSP00000340330	9606.ENSP00000258149	0	0	0	0	0	0.835	0.900	0.919	0.998
KAT5	BARD1	9606.ENSP00000340330	9606.ENSP00000260947	0	0	0	0	0.065	0.082	0.600	0.244	0.705
KAT5	CREBBP	9606.ENSP00000340330	9606.ENSP00000262367	0	0	0	0	0.085	0.378	0	0.732	0.834
KAT5	EP300	9606.ENSP00000340330	9606.ENSP00000263253	0	0	0	0	0.085	0.378	0.300	0.876	0.944
KAT5	STAT3	9606.ENSP00000340330	9606.ENSP00000264657	0	0	0	0	0.052	0.282	0	0.499	0.629
KAT5	CDK2	9606.ENSP00000340330	9606.ENSP00000266970	0	0	0	0	0.062	0	0.600	0.378	0.746
KAT5	TP53	9606.ENSP00000340330	9606.ENSP00000269305	0	0	0	0	0	0.871	0.900	0.967	0.999
KAT5	ATM	9606.ENSP00000340330	9606.ENSP00000278616	0	0	0	0	0.083	0.684	0.900	0.991	0.999
KAT5	WRN	9606.ENSP00000340330	9606.ENSP00000298139	0	0	0	0	0.069	0.213	0.600	0.274	0.758
KAT5	RCHY1	9606.ENSP00000340330	9606.ENSP00000321239	0	0	0	0	0.066	0.500	0	0.637	0.815
KAT5	HSP90AA1	9606.ENSP00000340330	9606.ENSP00000335153	0	0	0	0	0.062	0.396	0	0.244	0.534
LEPR	THPO	9606.ENSP00000330393	9606.ENSP00000204615	0	0	0	0	0	0	0.600	0.204	0.667
LEPR	IFNG	9606.ENSP00000330393	9606.ENSP00000229135	0	0	0	0	0	0	0.600	0.269	0.695
LEPR	STAT3	9606.ENSP00000330393	9606.ENSP00000264657	0	0	0	0	0	0.225	0.900	0.959	0.996
LEPR	APPL1	9606.ENSP00000330393	9606.ENSP00000288266	0	0	0	0	0	0	0	0.701	0.701
LEPR	STAT5B	9606.ENSP00000330393	9606.ENSP00000293328	0	0	0	0	0	0.101	0.600	0.435	0.779
LEPR	IRS1	9606.ENSP00000330393	9606.ENSP00000304895	0	0	0	0	0	0	0.600	0.576	0.823
LEPR	SOCS3	9606.ENSP00000330393	9606.ENSP00000330341	0	0	0	0	0	0.505	0.900	0.965	0.998
LEPR	STAT4	9606.ENSP00000330393	9606.ENSP00000376134	0	0	0	0	0	0.056	0	0.414	0.423
LEPR	AKT1	9606.ENSP00000330393	9606.ENSP00000451828	0	0	0	0	0	0.056	0	0.571	0.578
LEPR	IL10	9606.ENSP00000330393	9606.ENSP00000412237	0	0	0	0	0	0	0.600	0.383	0.742
LEPR	STAT5A	9606.ENSP00000330393	9606.ENSP00000341208	0	0	0	0	0	0.113	0.600	0.584	0.840
LEPR	PTPN11	9606.ENSP00000330393	9606.ENSP00000340944	0	0	0	0	0	0.707	0.600	0.785	0.972
LEPR	JAK2	9606.ENSP00000330393	9606.ENSP00000371067	0	0	0	0	0	0.896	0.900	0.965	0.999
MDM2	SIRT1	9606.ENSP00000258149	9606.ENSP00000212015	0	0	0	0	0.062	0.270	0	0.570	0.680
MDM2	AURKA	9606.ENSP00000258149	9606.ENSP00000216911	0	0	0	0	0	0.270	0	0.515	0.631
MDM2	DDX5	9606.ENSP00000258149	9606.ENSP00000225792	0	0	0	0	0	0.270	0	0.240	0.421
MDM2	UBE3A	9606.ENSP00000258149	9606.ENSP00000232165	0	0	0	0	0.065	0.270	0	0.595	0.699
MDM2	RPA1	9606.ENSP00000258149	9606.ENSP00000254719	0	0	0	0	0	0	0.900	0.439	0.941
MDM2	FAS	9606.ENSP00000258149	9606.ENSP00000347979	0	0	0	0	0	0	0	0.401	0.400
MDM2	PHLPP1	9606.ENSP00000258149	9606.ENSP00000262719	0	0	0	0	0	0	0	0.438	0.438
MDM2	JAK2	9606.ENSP00000258149	9606.ENSP00000371067	0	0	0	0	0.062	0.056	0	0.424	0.445
MDM2	WRN	9606.ENSP00000258149	9606.ENSP00000298139	0	0	0	0	0.062	0.270	0	0.324	0.496
MDM2	BARD1	9606.ENSP00000258149	9606.ENSP00000260947	0	0	0	0	0	0	0	0.512	0.512
MDM2	STAT3	9606.ENSP00000258149	9606.ENSP00000264657	0	0	0	0	0	0	0	0.529	0.529
MDM2	IRS1	9606.ENSP00000258149	9606.ENSP00000304895	0	0	0	0	0	0.176	0	0.492	0.563
MDM2	NDN	9606.ENSP00000258149	9606.ENSP00000332643	0	0	0	0	0	0.182	0	0.576	0.639
MDM2	GSK3B	9606.ENSP00000258149	9606.ENSP00000324806	0	0	0	0	0.062	0.345	0	0.498	0.665
MDM2	BCL2L1	9606.ENSP00000258149	9606.ENSP00000302564	0	0	0	0	0.054	0.176	0	0.712	0.756
MDM2	RCHY1	9606.ENSP00000258149	9606.ENSP00000321239	0	0	0	0	0	0.486	0	0.696	0.837
MDM2	SFN	9606.ENSP00000258149	9606.ENSP00000340989	0	0	0	0	0	0.495	0	0.701	0.843
MDM2	CDK2	9606.ENSP00000258149	9606.ENSP00000266970	0	0	0	0	0.051	0	0.900	0.727	0.971
MDM2	PTEN	9606.ENSP00000258149	9606.ENSP00000361021	0	0	0	0	0.062	0	0.900	0.775	0.977
MDM2	HSP90AA1	9606.ENSP00000258149	9606.ENSP00000335153	0	0	0	0	0	0.675	0	0.951	0.983
MDM2	SP1	9606.ENSP00000258149	9606.ENSP00000329357	0	0	0	0	0.062	0.345	0	0.976	0.984
MDM2	NPM1	9606.ENSP00000258149	9606.ENSP00000296930	0	0	0	0	0	0.835	0	0.974	0.995
MDM2	ATM	9606.ENSP00000258149	9606.ENSP00000278616	0	0	0	0	0.062	0.733	0.900	0.873	0.996
MDM2	CREBBP	9606.ENSP00000258149	9606.ENSP00000262367	0	0	0	0	0	0.866	0.900	0.856	0.997
MDM2	AKT1	9606.ENSP00000258149	9606.ENSP00000451828	0	0	0	0	0	0.898	0.900	0.852	0.998
MDM2	KAT5	9606.ENSP00000258149	9606.ENSP00000340330	0	0	0	0	0	0.835	0.900	0.919	0.998
MDM2	TP53	9606.ENSP00000258149	9606.ENSP00000269305	0	0	0	0	0.240	0.998	0.900	0.995	0.999
MDM2	EP300	9606.ENSP00000258149	9606.ENSP00000263253	0	0	0	0	0	0.874	0.900	0.989	0.999
MEFV	FADD	9606.ENSP00000219596	9606.ENSP00000301838	0	0	0	0	0	0	0	0.404	0.404
MEFV	IL10	9606.ENSP00000219596	9606.ENSP00000412237	0	0	0	0	0.095	0	0	0.452	0.483
MPL	THPO	9606.ENSP00000361548	9606.ENSP00000204615	0	0	0	0	0	0.463	0.900	0.990	0.999
MPL	IFNG	9606.ENSP00000361548	9606.ENSP00000229135	0	0	0	0	0	0	0.600	0.151	0.645
MPL	STAT3	9606.ENSP00000361548	9606.ENSP00000264657	0	0	0	0	0	0	0.900	0.567	0.954
MPL	STAT5B	9606.ENSP00000361548	9606.ENSP00000293328	0	0	0	0	0	0	0.900	0.688	0.967
MPL	CALR	9606.ENSP00000361548	9606.ENSP00000320866	0	0	0	0	0	0	0	0.985	0.985
MPL	SOCS1	9606.ENSP00000361548	9606.ENSP00000329418	0	0	0	0	0	0.491	0	0.181	0.565
MPL	PTPN11	9606.ENSP00000361548	9606.ENSP00000340944	0	0	0	0	0	0.213	0	0.337	0.455
MPL	STAT5A	9606.ENSP00000361548	9606.ENSP00000341208	0	0	0	0	0	0	0.900	0.620	0.960
MPL	SH2B3	9606.ENSP00000361548	9606.ENSP00000345492	0	0	0	0	0.062	0	0	0.702	0.709
MPL	AKT1	9606.ENSP00000361548	9606.ENSP00000451828	0	0	0	0	0	0.058	0	0.415	0.425
MPL	TET2	9606.ENSP00000361548	9606.ENSP00000442788	0	0	0	0	0	0	0	0.465	0.465
MPL	IL10	9606.ENSP00000361548	9606.ENSP00000412237	0	0	0	0	0	0	0.600	0.134	0.638
MPL	JAK2	9606.ENSP00000361548	9606.ENSP00000371067	0	0	0	0	0	0.705	0.900	0.943	0.998
MYH7	HSP90AA1	9606.ENSP00000347507	9606.ENSP00000335153	0	0	0	0	0.064	0.305	0	0.183	0.422
NDN	SIRT1	9606.ENSP00000332643	9606.ENSP00000212015	0	0	0	0	0.062	0.345	0	0.927	0.951
NDN	UBE3A	9606.ENSP00000332643	9606.ENSP00000232165	0	0	0	0	0	0	0	0.713	0.713
NDN	MDM2	9606.ENSP00000332643	9606.ENSP00000258149	0	0	0	0	0	0.182	0	0.576	0.639
NDN	STAT3	9606.ENSP00000332643	9606.ENSP00000264657	0	0	0	0	0.062	0	0.900	0.142	0.912
NDN	TP53	9606.ENSP00000332643	9606.ENSP00000269305	0	0	0	0	0	0.836	0.900	0.986	0.999
NOS3	SIRT1	9606.ENSP00000297494	9606.ENSP00000212015	0.042	0	0	0	0.062	0.270	0	0.761	0.822
NOS3	EPOR	9606.ENSP00000297494	9606.ENSP00000222139	0	0	0	0	0.062	0	0	0.514	0.525
NOS3	IFNG	9606.ENSP00000297494	9606.ENSP00000229135	0	0	0	0	0	0	0	0.502	0.502
NOS3	EP300	9606.ENSP00000297494	9606.ENSP00000263253	0	0	0	0	0.049	0	0.900	0.294	0.926
NOS3	STAT3	9606.ENSP00000297494	9606.ENSP00000264657	0	0	0	0	0	0	0	0.576	0.576
NOS3	TP53	9606.ENSP00000297494	9606.ENSP00000269305	0	0	0	0	0	0	0	0.564	0.564
NOS3	F2	9606.ENSP00000297494	9606.ENSP00000308541	0	0	0	0	0	0	0	0.405	0.405
NOS3	BCL2L1	9606.ENSP00000297494	9606.ENSP00000302564	0	0	0	0	0	0	0	0.408	0.408
NOS3	JAK2	9606.ENSP00000297494	9606.ENSP00000371067	0	0	0	0	0	0.077	0	0.404	0.426
NOS3	SP1	9606.ENSP00000297494	9606.ENSP00000329357	0	0	0	0	0	0.213	0	0.358	0.473
NOS3	PTEN	9606.ENSP00000297494	9606.ENSP00000361021	0	0	0	0	0	0.056	0	0.470	0.478
NOS3	GSK3B	9606.ENSP00000297494	9606.ENSP00000324806	0	0	0	0	0.062	0.077	0	0.464	0.495
NOS3	CBSL	9606.ENSP00000297494	9606.ENSP00000381231	0.081	0	0	0	0.092	0.057	0	0.560	0.607
NOS3	IL10	9606.ENSP00000297494	9606.ENSP00000412237	0	0	0	0	0	0	0	0.642	0.643
NOS3	IRS1	9606.ENSP00000297494	9606.ENSP00000304895	0	0	0	0	0	0	0	0.728	0.728
NOS3	HSP90B1	9606.ENSP00000297494	9606.ENSP00000299767	0	0	0	0	0	0.057	0.800	0.181	0.832
NOS3	PTPN11	9606.ENSP00000297494	9606.ENSP00000340944	0	0	0	0	0	0.171	0.900	0.469	0.952
NOS3	AKT1	9606.ENSP00000297494	9606.ENSP00000451828	0	0	0	0	0.049	0.879	0.900	0.988	0.999
NOS3	HSP90AA1	9606.ENSP00000297494	9606.ENSP00000335153	0	0	0	0	0.062	0.760	0.900	0.989	0.999
NPM1	SIRT1	9606.ENSP00000296930	9606.ENSP00000212015	0	0	0	0	0.062	0.283	0	0.259	0.458
NPM1	AURKA	9606.ENSP00000296930	9606.ENSP00000216911	0	0	0	0	0.170	0.276	0	0.387	0.600
NPM1	DDX5	9606.ENSP00000296930	9606.ENSP00000225792	0	0	0	0	0.103	0.182	0	0.786	0.830
NPM1	MDM2	9606.ENSP00000296930	9606.ENSP00000258149	0	0	0	0	0	0.835	0	0.974	0.995
NPM1	BARD1	9606.ENSP00000296930	9606.ENSP00000260947	0	0	0	0	0.088	0.296	0	0.283	0.500
NPM1	EP300	9606.ENSP00000296930	9606.ENSP00000263253	0	0	0	0	0	0.495	0	0.349	0.657
NPM1	STAT3	9606.ENSP00000296930	9606.ENSP00000264657	0	0	0	0	0	0	0	0.694	0.694
NPM1	CDK2	9606.ENSP00000296930	9606.ENSP00000266970	0	0	0	0	0.117	0.687	0	0.635	0.890
NPM1	TP53	9606.ENSP00000296930	9606.ENSP00000269305	0	0	0	0	0.096	0.875	0.650	0.983	0.999
NPM1	ATM	9606.ENSP00000296930	9606.ENSP00000278616	0	0	0	0	0.062	0	0	0.518	0.528
NPM1	STAT5B	9606.ENSP00000296930	9606.ENSP00000293328	0	0	0	0	0	0	0	0.505	0.505
NPM1	STAT5A	9606.ENSP00000296930	9606.ENSP00000341208	0	0	0	0	0	0	0	0.425	0.424
NPM1	CALR	9606.ENSP00000296930	9606.ENSP00000320866	0	0	0	0	0.065	0.137	0	0.422	0.492
NPM1	BCL2L1	9606.ENSP00000296930	9606.ENSP00000302564	0	0	0	0	0	0	0	0.511	0.512
NPM1	PTEN	9606.ENSP00000296930	9606.ENSP00000361021	0	0	0	0	0.062	0	0	0.517	0.527
NPM1	JAK2	9606.ENSP00000296930	9606.ENSP00000371067	0	0	0	0	0	0.062	0	0.654	0.661
NPM1	PTPN11	9606.ENSP00000296930	9606.ENSP00000340944	0	0	0	0	0	0.056	0	0.733	0.737
NPM1	TET2	9606.ENSP00000296930	9606.ENSP00000442788	0	0	0	0	0	0	0	0.760	0.760
NPM1	SP1	9606.ENSP00000296930	9606.ENSP00000329357	0	0	0	0	0	0.283	0	0.713	0.786
NPM1	AKT1	9606.ENSP00000296930	9606.ENSP00000451828	0	0	0	0	0	0.285	0	0.714	0.788
NPM1	HSP90AA1	9606.ENSP00000296930	9606.ENSP00000335153	0	0	0	0	0.228	0.294	0	0.768	0.863
P4HA2	PDIA3	9606.ENSP00000384999	9606.ENSP00000300289	0	0	0	0	0.083	0.345	0	0.378	0.593
P4HA2	P4HB	9606.ENSP00000384999	9606.ENSP00000327801	0	0	0	0	0.110	0.885	0.600	0.761	0.989
P4HB	HSP90B1	9606.ENSP00000327801	9606.ENSP00000299767	0	0	0	0	0.632	0.775	0.360	0.927	0.995
P4HB	PDIA3	9606.ENSP00000327801	9606.ENSP00000300289	0	0	0	0.804	0.419	0.616	0	0.973	0.812
P4HB	CALR	9606.ENSP00000327801	9606.ENSP00000320866	0	0	0	0	0.854	0.891	0	0.992	0.999
P4HB	AKT1	9606.ENSP00000327801	9606.ENSP00000451828	0	0	0	0	0.095	0.078	0	0.406	0.461
P4HB	HSP90AA1	9606.ENSP00000327801	9606.ENSP00000335153	0	0	0	0	0.065	0.356	0	0.622	0.753
P4HB	P4HA2	9606.ENSP00000327801	9606.ENSP00000384999	0	0	0	0	0.110	0.885	0.600	0.761	0.989
PDIA3	STAT3	9606.ENSP00000300289	9606.ENSP00000264657	0	0	0	0	0.063	0.499	0	0.978	0.989
PDIA3	TP53	9606.ENSP00000300289	9606.ENSP00000269305	0	0	0	0	0.062	0	0	0.451	0.463
PDIA3	HSP90B1	9606.ENSP00000300289	9606.ENSP00000299767	0	0	0	0	0.904	0.349	0	0.785	0.985
PDIA3	P4HA2	9606.ENSP00000300289	9606.ENSP00000384999	0	0	0	0	0.083	0.345	0	0.378	0.593
PDIA3	HSP90AA1	9606.ENSP00000300289	9606.ENSP00000335153	0	0	0	0	0.066	0.152	0	0.600	0.656
PDIA3	P4HB	9606.ENSP00000300289	9606.ENSP00000327801	0	0	0	0.804	0.419	0.616	0	0.973	0.812
PDIA3	HLA-B	9606.ENSP00000300289	9606.ENSP00000399168	0	0	0	0	0	0.270	0.600	0.417	0.814
PDIA3	CALR	9606.ENSP00000300289	9606.ENSP00000320866	0	0	0	0	0.928	0.962	0.900	0.995	0.999
PHLPP1	MDM2	9606.ENSP00000262719	9606.ENSP00000258149	0	0	0	0	0	0	0	0.438	0.438
PHLPP1	SLC9A3R1	9606.ENSP00000262719	9606.ENSP00000262613	0	0	0	0	0	0.297	0	0.352	0.525
PHLPP1	IRS1	9606.ENSP00000262719	9606.ENSP00000304895	0	0	0	0	0	0.063	0	0.391	0.405
PHLPP1	GSK3B	9606.ENSP00000262719	9606.ENSP00000324806	0	0	0	0	0.062	0.282	0	0.289	0.480
PHLPP1	HSP90AA1	9606.ENSP00000262719	9606.ENSP00000335153	0	0	0	0	0	0.182	0	0.520	0.590
PHLPP1	PTEN	9606.ENSP00000262719	9606.ENSP00000361021	0	0	0	0	0	0.297	0	0.835	0.879
PHLPP1	AKT1	9606.ENSP00000262719	9606.ENSP00000451828	0	0	0	0	0.062	0.731	0.900	0.981	0.999
PIGA	PIGH	9606.ENSP00000369820	9606.ENSP00000216452	0	0	0	0	0.063	0.462	0.800	0.992	0.999
PIGH	PIGA	9606.ENSP00000216452	9606.ENSP00000369820	0	0	0	0	0.063	0.462	0.800	0.992	0.999
PROS1	F9	9606.ENSP00000377783	9606.ENSP00000218099	0	0	0	0.614	0.065	0	0.600	0.337	0.656
PROS1	F2	9606.ENSP00000377783	9606.ENSP00000308541	0	0	0	0.561	0.062	0.213	0.900	0.459	0.935
PROS1	SERPINC1	9606.ENSP00000377783	9606.ENSP00000356671	0	0	0	0	0.062	0	0	0.606	0.614
PROS1	C4A	9606.ENSP00000377783	9606.ENSP00000396688	0	0	0	0	0.089	0	0	0.899	0.904
PTEN	SIRT1	9606.ENSP00000361021	9606.ENSP00000212015	0	0	0	0	0.064	0.141	0	0.800	0.826
PTEN	AURKA	9606.ENSP00000361021	9606.ENSP00000216911	0	0	0	0	0.077	0.147	0	0.512	0.583
PTEN	IFNG	9606.ENSP00000361021	9606.ENSP00000229135	0	0	0	0	0	0	0	0.405	0.405
PTEN	UBE3A	9606.ENSP00000361021	9606.ENSP00000232165	0	0	0	0	0.065	0.070	0.800	0.404	0.882
PTEN	MDM2	9606.ENSP00000361021	9606.ENSP00000258149	0	0	0	0	0.062	0	0.900	0.775	0.977
PTEN	BARD1	9606.ENSP00000361021	9606.ENSP00000260947	0	0	0	0	0.082	0.078	0	0.518	0.556
PTEN	CREBBP	9606.ENSP00000361021	9606.ENSP00000262367	0	0	0	0	0.062	0.121	0	0.546	0.593
PTEN	SLC9A3R1	9606.ENSP00000361021	9606.ENSP00000262613	0	0	0	0	0.063	0.877	0.900	0.987	0.999
PTEN	PHLPP1	9606.ENSP00000361021	9606.ENSP00000262719	0	0	0	0	0	0.297	0	0.835	0.879
PTEN	EP300	9606.ENSP00000361021	9606.ENSP00000263253	0	0	0	0	0.062	0.101	0	0.742	0.764
PTEN	STAT3	9606.ENSP00000361021	9606.ENSP00000264657	0	0	0	0	0.062	0	0	0.742	0.748
PTEN	CDK2	9606.ENSP00000361021	9606.ENSP00000266970	0	0	0	0	0.063	0.157	0	0.661	0.709
PTEN	TP53	9606.ENSP00000361021	9606.ENSP00000269305	0	0	0	0	0	0.851	0.900	0.986	0.999
PTEN	ATM	9606.ENSP00000361021	9606.ENSP00000278616	0	0	0	0	0.065	0	0	0.887	0.890
PTEN	STAT5B	9606.ENSP00000361021	9606.ENSP00000293328	0	0	0	0	0.063	0	0	0.535	0.546
PTEN	NPM1	9606.ENSP00000361021	9606.ENSP00000296930	0	0	0	0	0.062	0	0	0.517	0.527
PTEN	NOS3	9606.ENSP00000361021	9606.ENSP00000297494	0	0	0	0	0	0.056	0	0.470	0.478
PTEN	FADD	9606.ENSP00000361021	9606.ENSP00000301838	0	0	0	0	0	0	0	0.486	0.486
PTEN	BCL2L1	9606.ENSP00000361021	9606.ENSP00000302564	0	0	0	0	0	0.076	0	0.712	0.723
PTEN	IRS1	9606.ENSP00000361021	9606.ENSP00000304895	0	0	0	0	0.062	0.269	0	0.791	0.844
PTEN	GSK3B	9606.ENSP00000361021	9606.ENSP00000324806	0	0	0	0	0.062	0.113	0	0.771	0.793
PTEN	SP1	9606.ENSP00000361021	9606.ENSP00000329357	0	0	0	0	0.063	0.059	0	0.420	0.443
PTEN	SOCS1	9606.ENSP00000361021	9606.ENSP00000329418	0	0	0	0	0	0.149	0	0.466	0.526
PTEN	SOCS3	9606.ENSP00000361021	9606.ENSP00000330341	0	0	0	0	0	0	0	0.526	0.526
PTEN	HSP90AA1	9606.ENSP00000361021	9606.ENSP00000335153	0	0	0	0	0	0.434	0	0.606	0.767
PTEN	PTPN11	9606.ENSP00000361021	9606.ENSP00000340944	0	0	0	0	0.064	0.070	0	0.666	0.684
PTEN	SFN	9606.ENSP00000361021	9606.ENSP00000340989	0	0	0	0	0	0.164	0	0.334	0.419
PTEN	STAT5A	9606.ENSP00000361021	9606.ENSP00000341208	0	0	0	0	0.063	0	0	0.535	0.546
PTEN	TET2	9606.ENSP00000361021	9606.ENSP00000442788	0	0	0	0	0.065	0	0	0.424	0.438
PTEN	IL10	9606.ENSP00000361021	9606.ENSP00000412237	0	0	0	0	0	0	0	0.481	0.481
PTEN	JAK2	9606.ENSP00000361021	9606.ENSP00000371067	0	0	0	0	0.066	0.111	0	0.712	0.740
PTEN	AKT1	9606.ENSP00000361021	9606.ENSP00000451828	0	0	0	0	0.062	0.852	0	0.952	0.992
PTPN11	EPOR	9606.ENSP00000340944	9606.ENSP00000222139	0	0	0	0	0	0.486	0	0.565	0.767
PTPN11	IFNG	9606.ENSP00000340944	9606.ENSP00000229135	0	0	0	0	0	0	0.900	0.373	0.934
PTPN11	STAT3	9606.ENSP00000340944	9606.ENSP00000264657	0	0	0	0	0.062	0.497	0.600	0.852	0.968
PTPN11	TP53	9606.ENSP00000340944	9606.ENSP00000269305	0	0	0	0	0.056	0	0	0.566	0.572
PTPN11	ATM	9606.ENSP00000340944	9606.ENSP00000278616	0	0	0	0	0.062	0	0	0.427	0.439
PTPN11	IL10RB	9606.ENSP00000340944	9606.ENSP00000290200	0	0	0	0	0.062	0	0.600	0.122	0.641
PTPN11	IFNGR2	9606.ENSP00000340944	9606.ENSP00000290219	0	0	0	0	0.049	0	0.900	0.167	0.913
PTPN11	STAT5B	9606.ENSP00000340944	9606.ENSP00000293328	0	0	0	0	0.062	0.346	0.500	0.863	0.952
PTPN11	NPM1	9606.ENSP00000340944	9606.ENSP00000296930	0	0	0	0	0	0.056	0	0.733	0.737
PTPN11	NOS3	9606.ENSP00000340944	9606.ENSP00000297494	0	0	0	0	0	0.171	0.900	0.469	0.952
PTPN11	BCL2L1	9606.ENSP00000340944	9606.ENSP00000302564	0	0	0	0	0.060	0	0.900	0.466	0.945
PTPN11	IRS1	9606.ENSP00000340944	9606.ENSP00000304895	0	0	0	0	0	0.973	0.900	0.991	0.999
PTPN11	CALR	9606.ENSP00000340944	9606.ENSP00000320866	0	0	0	0	0.049	0.104	0	0.353	0.400
PTPN11	GSK3B	9606.ENSP00000340944	9606.ENSP00000324806	0	0	0	0	0.068	0.299	0	0.300	0.503
PTPN11	SOCS1	9606.ENSP00000340944	9606.ENSP00000329418	0	0	0	0	0.062	0.490	0	0.510	0.745
PTPN11	SOCS3	9606.ENSP00000340944	9606.ENSP00000330341	0	0	0	0	0.062	0.710	0.900	0.880	0.996
PTPN11	LEPR	9606.ENSP00000340944	9606.ENSP00000330393	0	0	0	0	0	0.707	0.600	0.785	0.972
PTPN11	HSP90AA1	9606.ENSP00000340944	9606.ENSP00000335153	0	0	0	0	0.063	0.145	0	0.447	0.518
PTPN11	IL10	9606.ENSP00000340944	9606.ENSP00000412237	0	0	0	0	0	0	0	0.427	0.427
PTPN11	MPL	9606.ENSP00000340944	9606.ENSP00000361548	0	0	0	0	0	0.213	0	0.337	0.455
PTPN11	STAT4	9606.ENSP00000340944	9606.ENSP00000376134	0	0	0	0	0.062	0.062	0	0.433	0.457
PTPN11	SH2B3	9606.ENSP00000340944	9606.ENSP00000345492	0	0	0	0	0	0	0	0.503	0.503
PTPN11	TET2	9606.ENSP00000340944	9606.ENSP00000442788	0	0	0	0	0	0	0	0.601	0.601
PTPN11	PTEN	9606.ENSP00000340944	9606.ENSP00000361021	0	0	0	0	0.064	0.070	0	0.666	0.684
PTPN11	HLA-DRB1	9606.ENSP00000340944	9606.ENSP00000353099	0	0	0	0	0.062	0	0.900	0.108	0.909
PTPN11	IFNGR1	9606.ENSP00000340944	9606.ENSP00000356713	0	0	0	0	0.049	0.225	0.900	0.245	0.936
PTPN11	AKT1	9606.ENSP00000340944	9606.ENSP00000451828	0	0	0	0	0.090	0.138	0.900	0.752	0.978
PTPN11	STAT5A	9606.ENSP00000340944	9606.ENSP00000341208	0	0	0	0	0.062	0.711	0.500	0.889	0.983
PTPN11	JAK2	9606.ENSP00000340944	9606.ENSP00000371067	0	0	0	0	0.062	0.800	0.900	0.983	0.999
PTPN22	TP53	9606.ENSP00000352833	9606.ENSP00000269305	0	0	0	0	0	0	0	0.448	0.448
PTPN22	IL23R	9606.ENSP00000352833	9606.ENSP00000321345	0	0	0	0	0.062	0	0	0.595	0.603
PTPN22	SH2B3	9606.ENSP00000352833	9606.ENSP00000345492	0	0	0	0	0.081	0	0	0.660	0.674
PTPN22	IL10	9606.ENSP00000352833	9606.ENSP00000412237	0	0	0	0	0	0	0	0.469	0.469
PTPN22	HLA-B	9606.ENSP00000352833	9606.ENSP00000399168	0	0	0	0	0.088	0	0	0.454	0.480
PTPN22	STAT4	9606.ENSP00000352833	9606.ENSP00000376134	0	0	0	0	0.066	0.062	0	0.760	0.771
PTPN22	HLA-DRB1	9606.ENSP00000352833	9606.ENSP00000353099	0	0	0	0	0.128	0	0.900	0.894	0.989
RCHY1	UBE3A	9606.ENSP00000321239	9606.ENSP00000232165	0	0	0	0	0.065	0	0	0.520	0.532
RCHY1	RPA1	9606.ENSP00000321239	9606.ENSP00000254719	0	0	0	0	0	0	0.900	0.042	0.900
RCHY1	MDM2	9606.ENSP00000321239	9606.ENSP00000258149	0	0	0	0	0	0.486	0	0.696	0.837
RCHY1	TP53	9606.ENSP00000321239	9606.ENSP00000269305	0	0	0	0	0	0.887	0.800	0.973	0.999
RCHY1	KAT5	9606.ENSP00000321239	9606.ENSP00000340330	0	0	0	0	0.066	0.500	0	0.637	0.815
RPA1	AURKA	9606.ENSP00000254719	9606.ENSP00000216911	0	0	0	0	0.456	0	0	0.074	0.475
RPA1	KAT5	9606.ENSP00000254719	9606.ENSP00000340330	0	0	0	0	0.082	0	0.600	0.152	0.661
RPA1	BARD1	9606.ENSP00000254719	9606.ENSP00000260947	0	0	0	0	0.171	0	0.600	0.398	0.783
RPA1	CDK2	9606.ENSP00000254719	9606.ENSP00000266970	0	0	0	0	0.233	0.506	0.600	0.316	0.882
RPA1	RCHY1	9606.ENSP00000254719	9606.ENSP00000321239	0	0	0	0	0	0	0.900	0.042	0.900
RPA1	EP300	9606.ENSP00000254719	9606.ENSP00000263253	0	0	0	0	0.063	0.129	0.900	0.162	0.922
RPA1	MDM2	9606.ENSP00000254719	9606.ENSP00000258149	0	0	0	0	0	0	0.900	0.439	0.941
RPA1	ATM	9606.ENSP00000254719	9606.ENSP00000278616	0	0	0	0	0	0.373	0.900	0.769	0.984
RPA1	WRN	9606.ENSP00000254719	9606.ENSP00000298139	0	0	0	0	0.112	0.938	0.600	0.867	0.996
RPA1	TP53	9606.ENSP00000254719	9606.ENSP00000269305	0	0	0	0	0.060	0.973	0.900	0.986	0.999
SERPINC1	F9	9606.ENSP00000356671	9606.ENSP00000218099	0	0	0	0	0.645	0.933	0.900	0.947	0.999
SERPINC1	F2	9606.ENSP00000356671	9606.ENSP00000308541	0	0	0	0	0.813	0.937	0.900	0.968	0.999
SERPINC1	IL10	9606.ENSP00000356671	9606.ENSP00000412237	0	0	0	0	0	0	0	0.404	0.404
SERPINC1	C4A	9606.ENSP00000356671	9606.ENSP00000396688	0	0	0	0	0.142	0	0	0.556	0.602
SERPINC1	PROS1	9606.ENSP00000356671	9606.ENSP00000377783	0	0	0	0	0.062	0	0	0.606	0.614
SFN	SIRT1	9606.ENSP00000340989	9606.ENSP00000212015	0	0	0	0	0.062	0.244	0	0.267	0.435
SFN	MDM2	9606.ENSP00000340989	9606.ENSP00000258149	0	0	0	0	0	0.495	0	0.701	0.843
SFN	EP300	9606.ENSP00000340989	9606.ENSP00000263253	0	0	0	0	0	0.077	0.900	0.212	0.920
SFN	CDK2	9606.ENSP00000340989	9606.ENSP00000266970	0	0	0	0	0.062	0.102	0.900	0.828	0.983
SFN	TP53	9606.ENSP00000340989	9606.ENSP00000269305	0	0	0	0	0	0.973	0.900	0.967	0.999
SFN	ATM	9606.ENSP00000340989	9606.ENSP00000278616	0	0	0	0	0	0.320	0	0.506	0.650
SFN	GSK3B	9606.ENSP00000340989	9606.ENSP00000324806	0	0	0	0	0.058	0.319	0	0.178	0.427
SFN	HSP90AA1	9606.ENSP00000340989	9606.ENSP00000335153	0	0	0	0	0.065	0.178	0.900	0.271	0.936
SFN	PTEN	9606.ENSP00000340989	9606.ENSP00000361021	0	0	0	0	0	0.164	0	0.334	0.419
SFN	AKT1	9606.ENSP00000340989	9606.ENSP00000451828	0	0	0	0	0.052	0.364	0.900	0.678	0.978
SH2B3	THPO	9606.ENSP00000345492	9606.ENSP00000204615	0	0	0	0	0	0	0	0.603	0.603
SH2B3	EPOR	9606.ENSP00000345492	9606.ENSP00000222139	0	0	0	0	0.062	0	0.900	0.556	0.954
SH2B3	STAT5B	9606.ENSP00000345492	9606.ENSP00000293328	0	0	0	0	0.062	0	0	0.452	0.463
SH2B3	CALR	9606.ENSP00000345492	9606.ENSP00000320866	0	0	0	0	0	0	0	0.526	0.526
SH2B3	SOCS3	9606.ENSP00000345492	9606.ENSP00000330341	0	0	0	0	0.085	0	0.900	0.259	0.926
SH2B3	PTPN11	9606.ENSP00000345492	9606.ENSP00000340944	0	0	0	0	0	0	0	0.503	0.503
SH2B3	STAT5A	9606.ENSP00000345492	9606.ENSP00000341208	0	0	0	0	0.096	0	0	0.429	0.462
SH2B3	TET2	9606.ENSP00000345492	9606.ENSP00000442788	0	0	0	0	0	0	0	0.650	0.650
SH2B3	PTPN22	9606.ENSP00000345492	9606.ENSP00000352833	0	0	0	0	0.081	0	0	0.660	0.674
SH2B3	MPL	9606.ENSP00000345492	9606.ENSP00000361548	0	0	0	0	0.062	0	0	0.702	0.709
SH2B3	JAK2	9606.ENSP00000345492	9606.ENSP00000371067	0	0	0	0	0.062	0.182	0.900	0.884	0.989
SIRT1	SFN	9606.ENSP00000212015	9606.ENSP00000340989	0	0	0	0	0.062	0.244	0	0.267	0.435
SIRT1	NPM1	9606.ENSP00000212015	9606.ENSP00000296930	0	0	0	0	0.062	0.283	0	0.259	0.458
SIRT1	IL10	9606.ENSP00000212015	9606.ENSP00000412237	0	0	0	0	0	0	0	0.481	0.481
SIRT1	GSK3B	9606.ENSP00000212015	9606.ENSP00000324806	0	0	0	0	0	0	0	0.516	0.516
SIRT1	BCL2L1	9606.ENSP00000212015	9606.ENSP00000302564	0	0	0	0	0.053	0	0	0.517	0.523
SIRT1	CDK2	9606.ENSP00000212015	9606.ENSP00000266970	0	0	0	0	0.062	0.142	0	0.599	0.650
SIRT1	MDM2	9606.ENSP00000212015	9606.ENSP00000258149	0	0	0	0	0.062	0.270	0	0.570	0.680
SIRT1	CREBBP	9606.ENSP00000212015	9606.ENSP00000262367	0	0	0	0	0.066	0.213	0	0.682	0.746
SIRT1	HSP90AA1	9606.ENSP00000212015	9606.ENSP00000335153	0.045	0	0	0	0	0.426	0	0.627	0.778
SIRT1	WRN	9606.ENSP00000212015	9606.ENSP00000298139	0.044	0	0	0	0.065	0.414	0	0.670	0.804
SIRT1	NOS3	9606.ENSP00000212015	9606.ENSP00000297494	0.042	0	0	0	0.062	0.270	0	0.761	0.822
SIRT1	PTEN	9606.ENSP00000212015	9606.ENSP00000361021	0	0	0	0	0.064	0.141	0	0.800	0.826
SIRT1	ATM	9606.ENSP00000212015	9606.ENSP00000278616	0	0	0	0	0.063	0	0	0.864	0.867
SIRT1	STAT3	9606.ENSP00000212015	9606.ENSP00000264657	0	0	0	0	0.062	0.270	0	0.829	0.873
SIRT1	IRS1	9606.ENSP00000212015	9606.ENSP00000304895	0	0	0	0	0.062	0.501	0	0.770	0.883
SIRT1	AKT1	9606.ENSP00000212015	9606.ENSP00000451828	0	0	0	0	0.063	0.281	0	0.852	0.891
SIRT1	NDN	9606.ENSP00000212015	9606.ENSP00000332643	0	0	0	0	0.062	0.345	0	0.927	0.951
SIRT1	KAT5	9606.ENSP00000212015	9606.ENSP00000340330	0	0	0	0	0.062	0.746	0	0.827	0.955
SIRT1	EP300	9606.ENSP00000212015	9606.ENSP00000263253	0	0	0	0	0.099	0.733	0.900	0.979	0.999
SIRT1	TP53	9606.ENSP00000212015	9606.ENSP00000269305	0	0	0	0	0.062	0.884	0.900	0.989	0.999
SLC9A3R1	HSP90AA1	9606.ENSP00000262613	9606.ENSP00000335153	0	0	0	0	0	0.061	0	0.469	0.480
SLC9A3R1	PHLPP1	9606.ENSP00000262613	9606.ENSP00000262719	0	0	0	0	0	0.297	0	0.352	0.525
SLC9A3R1	AKT1	9606.ENSP00000262613	9606.ENSP00000451828	0	0	0	0	0.062	0.327	0	0.391	0.582
SLC9A3R1	F2	9606.ENSP00000262613	9606.ENSP00000308541	0	0	0	0	0	0	0.900	0	0.900
SLC9A3R1	PTEN	9606.ENSP00000262613	9606.ENSP00000361021	0	0	0	0	0.063	0.877	0.900	0.987	0.999
SOCS1	IL10RA	9606.ENSP00000329418	9606.ENSP00000227752	0	0	0	0	0.081	0	0	0.391	0.416
SOCS1	IFNG	9606.ENSP00000329418	9606.ENSP00000229135	0	0	0	0	0.085	0	0.900	0.592	0.959
SOCS1	STAT3	9606.ENSP00000329418	9606.ENSP00000264657	0	0	0	0	0	0.161	0.600	0.768	0.915
SOCS1	TP53	9606.ENSP00000329418	9606.ENSP00000269305	0	0	0	0	0	0.682	0	0.962	0.987
SOCS1	ATM	9606.ENSP00000329418	9606.ENSP00000278616	0	0	0	0	0.049	0.482	0	0.708	0.843
SOCS1	IFNGR2	9606.ENSP00000329418	9606.ENSP00000290219	0	0	0	0	0	0	0.600	0.407	0.752
SOCS1	STAT5B	9606.ENSP00000329418	9606.ENSP00000293328	0	0	0	0	0	0.161	0.900	0.699	0.972
SOCS1	BCL2L1	9606.ENSP00000329418	9606.ENSP00000302564	0	0	0	0	0	0	0	0.412	0.412
SOCS1	IRS1	9606.ENSP00000329418	9606.ENSP00000304895	0	0	0	0	0	0.746	0.900	0.691	0.991
SOCS1	PTEN	9606.ENSP00000329418	9606.ENSP00000361021	0	0	0	0	0	0.149	0	0.466	0.526
SOCS1	AKT1	9606.ENSP00000329418	9606.ENSP00000451828	0	0	0	0	0	0.103	0	0.520	0.551
SOCS1	MPL	9606.ENSP00000329418	9606.ENSP00000361548	0	0	0	0	0	0.491	0	0.181	0.565
SOCS1	IL10	9606.ENSP00000329418	9606.ENSP00000412237	0	0	0	0	0	0	0	0.670	0.670
SOCS1	STAT4	9606.ENSP00000329418	9606.ENSP00000376134	0	0	0	0	0	0.161	0	0.641	0.686
SOCS1	PTPN11	9606.ENSP00000329418	9606.ENSP00000340944	0	0	0	0	0.062	0.490	0	0.510	0.745
SOCS1	SOCS3	9606.ENSP00000329418	9606.ENSP00000330341	0	0	0	0.739	0.129	0	0.800	0.925	0.862
SOCS1	STAT5A	9606.ENSP00000329418	9606.ENSP00000341208	0	0	0	0	0.069	0.161	0.900	0.699	0.973
SOCS1	IFNGR1	9606.ENSP00000329418	9606.ENSP00000356713	0	0	0	0	0	0.438	0.900	0.903	0.994
SOCS1	JAK2	9606.ENSP00000329418	9606.ENSP00000371067	0	0	0	0	0.060	0.908	0.900	0.990	0.999
SOCS3	EPOR	9606.ENSP00000330341	9606.ENSP00000222139	0	0	0	0	0	0.495	0.900	0.818	0.990
SOCS3	IL10RA	9606.ENSP00000330341	9606.ENSP00000227752	0	0	0	0	0.074	0	0	0.626	0.639
SOCS3	IFNG	9606.ENSP00000330341	9606.ENSP00000229135	0	0	0	0	0.062	0	0.600	0.575	0.826
SOCS3	STAT3	9606.ENSP00000330341	9606.ENSP00000264657	0	0	0	0	0.102	0.361	0.900	0.891	0.992
SOCS3	TP53	9606.ENSP00000330341	9606.ENSP00000269305	0	0	0	0	0	0	0	0.871	0.871
SOCS3	IL10RB	9606.ENSP00000330341	9606.ENSP00000290200	0	0	0	0	0.063	0	0	0.487	0.499
SOCS3	IFNGR2	9606.ENSP00000330341	9606.ENSP00000290219	0	0	0	0	0	0	0.600	0.279	0.699
SOCS3	STAT5B	9606.ENSP00000330341	9606.ENSP00000293328	0	0	0	0	0.052	0.161	0.900	0.731	0.975
SOCS3	BCL2L1	9606.ENSP00000330341	9606.ENSP00000302564	0	0	0	0	0	0	0	0.502	0.502
SOCS3	IRS1	9606.ENSP00000330341	9606.ENSP00000304895	0	0	0	0	0	0.462	0.900	0.913	0.994
SOCS3	IL23R	9606.ENSP00000330341	9606.ENSP00000321345	0	0	0	0	0	0	0.900	0.369	0.934
SOCS3	SOCS1	9606.ENSP00000330341	9606.ENSP00000329418	0	0	0	0.739	0.129	0	0.800	0.925	0.862
SOCS3	PTEN	9606.ENSP00000330341	9606.ENSP00000361021	0	0	0	0	0	0	0	0.526	0.526
SOCS3	STAT4	9606.ENSP00000330341	9606.ENSP00000376134	0	0	0	0	0	0.161	0	0.656	0.699
SOCS3	IL10	9606.ENSP00000330341	9606.ENSP00000412237	0	0	0	0	0.062	0	0	0.732	0.738
SOCS3	IFNGR1	9606.ENSP00000330341	9606.ENSP00000356713	0	0	0	0	0	0.057	0.600	0.451	0.774
SOCS3	SH2B3	9606.ENSP00000330341	9606.ENSP00000345492	0	0	0	0	0.085	0	0.900	0.259	0.926
SOCS3	HSP90AA1	9606.ENSP00000330341	9606.ENSP00000335153	0	0	0	0	0	0	0.900	0.399	0.937
SOCS3	AKT1	9606.ENSP00000330341	9606.ENSP00000451828	0	0	0	0	0	0.103	0.900	0.627	0.963
SOCS3	STAT5A	9606.ENSP00000330341	9606.ENSP00000341208	0	0	0	0	0.086	0.161	0.900	0.727	0.976
SOCS3	PTPN11	9606.ENSP00000330341	9606.ENSP00000340944	0	0	0	0	0.062	0.710	0.900	0.880	0.996
SOCS3	LEPR	9606.ENSP00000330341	9606.ENSP00000330393	0	0	0	0	0	0.505	0.900	0.965	0.998
SOCS3	JAK2	9606.ENSP00000330341	9606.ENSP00000371067	0	0	0	0	0.062	0.902	0.900	0.992	0.999
SP1	MDM2	9606.ENSP00000329357	9606.ENSP00000258149	0	0	0	0	0.062	0.345	0	0.976	0.984
SP1	CREBBP	9606.ENSP00000329357	9606.ENSP00000262367	0	0	0	0	0.085	0.735	0.800	0.522	0.973
SP1	EP300	9606.ENSP00000329357	9606.ENSP00000263253	0	0	0	0	0.125	0.916	0.900	0.974	0.999
SP1	STAT3	9606.ENSP00000329357	9606.ENSP00000264657	0	0	0	0	0.062	0.838	0	0.965	0.994
SP1	CDK2	9606.ENSP00000329357	9606.ENSP00000266970	0	0	0	0	0.086	0.308	0	0.507	0.661
SP1	TP53	9606.ENSP00000329357	9606.ENSP00000269305	0	0	0	0	0.054	0.946	0.900	0.988	0.999
SP1	ATM	9606.ENSP00000329357	9606.ENSP00000278616	0	0	0	0	0.062	0	0	0.410	0.423
SP1	NPM1	9606.ENSP00000329357	9606.ENSP00000296930	0	0	0	0	0	0.283	0	0.713	0.786
SP1	NOS3	9606.ENSP00000329357	9606.ENSP00000297494	0	0	0	0	0	0.213	0	0.358	0.473
SP1	GSK3B	9606.ENSP00000329357	9606.ENSP00000324806	0	0	0	0	0.063	0.289	0	0.223	0.438
SP1	PTEN	9606.ENSP00000329357	9606.ENSP00000361021	0	0	0	0	0.063	0.059	0	0.420	0.443
SP1	AKT1	9606.ENSP00000329357	9606.ENSP00000451828	0	0	0	0	0.055	0.289	0	0.520	0.649
SP1	HSP90AA1	9606.ENSP00000329357	9606.ENSP00000335153	0	0	0	0	0.082	0.496	0	0.469	0.733
STAT3	THPO	9606.ENSP00000264657	9606.ENSP00000204615	0	0	0	0	0	0	0.900	0.460	0.943
STAT3	SIRT1	9606.ENSP00000264657	9606.ENSP00000212015	0	0	0	0	0.062	0.270	0	0.829	0.873
STAT3	EPOR	9606.ENSP00000264657	9606.ENSP00000222139	0	0	0	0	0	0	0	0.735	0.735
STAT3	IL10RA	9606.ENSP00000264657	9606.ENSP00000227752	0	0	0	0	0.062	0.182	0.900	0.984	0.998
STAT3	IFNG	9606.ENSP00000264657	9606.ENSP00000229135	0	0	0	0	0.062	0	0	0.806	0.810
STAT3	MDM2	9606.ENSP00000264657	9606.ENSP00000258149	0	0	0	0	0	0	0	0.529	0.529
STAT3	CREBBP	9606.ENSP00000264657	9606.ENSP00000262367	0	0	0	0	0.062	0.683	0.900	0.871	0.995
STAT3	EP300	9606.ENSP00000264657	9606.ENSP00000263253	0	0	0	0	0.062	0.872	0.900	0.989	0.999
STAT3	CALR	9606.ENSP00000264657	9606.ENSP00000320866	0	0	0	0	0	0	0	0.401	0.400
STAT3	IFNGR2	9606.ENSP00000264657	9606.ENSP00000290219	0	0	0	0	0	0.056	0	0.391	0.400
STAT3	TET2	9606.ENSP00000264657	9606.ENSP00000442788	0	0	0	0	0.062	0	0	0.395	0.408
STAT3	HSP90B1	9606.ENSP00000264657	9606.ENSP00000299767	0	0	0	0	0	0.270	0	0.256	0.433
STAT3	APPL1	9606.ENSP00000264657	9606.ENSP00000288266	0	0	0	0	0.073	0.066	0	0.432	0.465
STAT3	FAS	9606.ENSP00000264657	9606.ENSP00000347979	0	0	0	0	0.062	0	0	0.466	0.478
STAT3	ATM	9606.ENSP00000264657	9606.ENSP00000278616	0	0	0	0	0	0	0	0.510	0.510
STAT3	NOS3	9606.ENSP00000264657	9606.ENSP00000297494	0	0	0	0	0	0	0	0.576	0.576
STAT3	IRS1	9606.ENSP00000264657	9606.ENSP00000304895	0	0	0	0	0.062	0	0	0.577	0.586
STAT3	KAT5	9606.ENSP00000264657	9606.ENSP00000340330	0	0	0	0	0.052	0.282	0	0.499	0.629
STAT3	IFNGR1	9606.ENSP00000264657	9606.ENSP00000356713	0	0	0	0	0	0.057	0	0.634	0.641
STAT3	NPM1	9606.ENSP00000264657	9606.ENSP00000296930	0	0	0	0	0	0	0	0.694	0.694
STAT3	GSK3B	9606.ENSP00000264657	9606.ENSP00000324806	0	0	0	0	0.062	0.140	0	0.702	0.739
STAT3	CDK2	9606.ENSP00000264657	9606.ENSP00000266970	0	0	0	0	0.062	0.130	0	0.712	0.745
STAT3	PTEN	9606.ENSP00000264657	9606.ENSP00000361021	0	0	0	0	0.062	0	0	0.742	0.748
STAT3	IL10RB	9606.ENSP00000264657	9606.ENSP00000290200	0	0	0	0	0.076	0.056	0.600	0.646	0.860
STAT3	TP53	9606.ENSP00000264657	9606.ENSP00000269305	0	0	0	0	0	0	0.300	0.845	0.887
STAT3	NDN	9606.ENSP00000264657	9606.ENSP00000332643	0	0	0	0	0.062	0	0.900	0.142	0.912
STAT3	SOCS1	9606.ENSP00000264657	9606.ENSP00000329418	0	0	0	0	0	0.161	0.600	0.768	0.915
STAT3	STAT4	9606.ENSP00000264657	9606.ENSP00000376134	0	0	0	0.935	0	0.213	0.900	0.949	0.922
STAT3	STAT5A	9606.ENSP00000264657	9606.ENSP00000341208	0	0	0	0.745	0.096	0.213	0.900	0.970	0.941
STAT3	MPL	9606.ENSP00000264657	9606.ENSP00000361548	0	0	0	0	0	0	0.900	0.567	0.954
STAT3	PTPN11	9606.ENSP00000264657	9606.ENSP00000340944	0	0	0	0	0.062	0.497	0.600	0.852	0.968
STAT3	STAT5B	9606.ENSP00000264657	9606.ENSP00000293328	0	0	0	0.749	0.062	0.600	0.900	0.974	0.969
STAT3	IL23R	9606.ENSP00000264657	9606.ENSP00000321345	0	0	0	0	0	0.213	0.900	0.741	0.977
STAT3	IL10	9606.ENSP00000264657	9606.ENSP00000412237	0	0	0	0	0	0.345	0.600	0.946	0.984
STAT3	BCL2L1	9606.ENSP00000264657	9606.ENSP00000302564	0	0	0	0	0	0.182	0.900	0.838	0.985
STAT3	AKT1	9606.ENSP00000264657	9606.ENSP00000451828	0	0	0	0	0	0.140	0.900	0.875	0.988
STAT3	PDIA3	9606.ENSP00000264657	9606.ENSP00000300289	0	0	0	0	0.063	0.499	0	0.978	0.989
STAT3	SOCS3	9606.ENSP00000264657	9606.ENSP00000330341	0	0	0	0	0.102	0.361	0.900	0.891	0.992
STAT3	SP1	9606.ENSP00000264657	9606.ENSP00000329357	0	0	0	0	0.062	0.838	0	0.965	0.994
STAT3	LEPR	9606.ENSP00000264657	9606.ENSP00000330393	0	0	0	0	0	0.225	0.900	0.959	0.996
STAT3	JAK2	9606.ENSP00000264657	9606.ENSP00000371067	0	0	0	0	0.053	0.884	0.900	0.995	0.999
STAT3	HSP90AA1	9606.ENSP00000264657	9606.ENSP00000335153	0	0	0	0	0	0.270	0.900	0.988	0.999
STAT4	IL10RA	9606.ENSP00000376134	9606.ENSP00000227752	0	0	0	0	0.105	0.117	0	0.323	0.418
STAT4	IFNG	9606.ENSP00000376134	9606.ENSP00000229135	0	0	0	0	0.096	0	0.900	0.670	0.967
STAT4	CREBBP	9606.ENSP00000376134	9606.ENSP00000262367	0	0	0	0	0.062	0.225	0.900	0.474	0.956
STAT4	EP300	9606.ENSP00000376134	9606.ENSP00000263253	0	0	0	0	0.062	0.056	0.600	0.536	0.813
STAT4	STAT3	9606.ENSP00000376134	9606.ENSP00000264657	0	0	0	0.935	0	0.213	0.900	0.949	0.922
STAT4	TP53	9606.ENSP00000376134	9606.ENSP00000269305	0	0	0	0	0	0	0	0.512	0.512
STAT4	IL10RB	9606.ENSP00000376134	9606.ENSP00000290200	0	0	0	0	0	0.056	0.600	0.370	0.741
STAT4	IFNGR2	9606.ENSP00000376134	9606.ENSP00000290219	0	0	0	0	0	0.056	0	0.509	0.517
STAT4	STAT5B	9606.ENSP00000376134	9606.ENSP00000293328	0	0	0	0.754	0	0	0.800	0.782	0.838
STAT4	BCL2L1	9606.ENSP00000376134	9606.ENSP00000302564	0	0	0	0	0	0.069	0	0.388	0.406
STAT4	IL23R	9606.ENSP00000376134	9606.ENSP00000321345	0	0	0	0	0.062	0	0.900	0.653	0.964
STAT4	SOCS1	9606.ENSP00000376134	9606.ENSP00000329418	0	0	0	0	0	0.161	0	0.641	0.686
STAT4	SOCS3	9606.ENSP00000376134	9606.ENSP00000330341	0	0	0	0	0	0.161	0	0.656	0.699
STAT4	LEPR	9606.ENSP00000376134	9606.ENSP00000330393	0	0	0	0	0	0.056	0	0.414	0.423
STAT4	PTPN11	9606.ENSP00000376134	9606.ENSP00000340944	0	0	0	0	0.062	0.062	0	0.433	0.457
STAT4	STAT5A	9606.ENSP00000376134	9606.ENSP00000341208	0	0	0	0.736	0	0	0.800	0.839	0.843
STAT4	PTPN22	9606.ENSP00000376134	9606.ENSP00000352833	0	0	0	0	0.066	0.062	0	0.760	0.771
STAT4	HLA-DRB1	9606.ENSP00000376134	9606.ENSP00000353099	0	0	0	0	0.069	0	0	0.611	0.622
STAT4	IFNGR1	9606.ENSP00000376134	9606.ENSP00000356713	0	0	0	0	0	0.057	0	0.697	0.702
STAT4	JAK2	9606.ENSP00000376134	9606.ENSP00000371067	0	0	0	0	0.058	0.140	0.900	0.819	0.983
STAT4	AKT1	9606.ENSP00000376134	9606.ENSP00000451828	0	0	0	0	0	0.140	0	0.598	0.640
STAT4	IL10	9606.ENSP00000376134	9606.ENSP00000412237	0	0	0	0	0	0.068	0.900	0.707	0.970
STAT5A	THPO	9606.ENSP00000341208	9606.ENSP00000204615	0	0	0	0	0	0	0.900	0.602	0.958
STAT5A	EPOR	9606.ENSP00000341208	9606.ENSP00000222139	0	0	0	0	0	0.677	0.900	0.984	0.999
STAT5A	IL10RA	9606.ENSP00000341208	9606.ENSP00000227752	0	0	0	0	0.141	0.117	0.900	0.393	0.947
STAT5A	IFNG	9606.ENSP00000341208	9606.ENSP00000229135	0	0	0	0	0.062	0	0.900	0.627	0.962
STAT5A	CREBBP	9606.ENSP00000341208	9606.ENSP00000262367	0	0	0	0	0.062	0.281	0.900	0.978	0.998
STAT5A	EP300	9606.ENSP00000341208	9606.ENSP00000263253	0	0	0	0	0.062	0.746	0.900	0.803	0.994
STAT5A	STAT3	9606.ENSP00000341208	9606.ENSP00000264657	0	0	0	0.745	0.096	0.213	0.900	0.970	0.941
STAT5A	CDK2	9606.ENSP00000341208	9606.ENSP00000266970	0	0	0	0	0.062	0.159	0	0.339	0.433
STAT5A	TP53	9606.ENSP00000341208	9606.ENSP00000269305	0	0	0	0	0	0	0	0.568	0.568
STAT5A	IL10RB	9606.ENSP00000341208	9606.ENSP00000290200	0	0	0	0	0.062	0.056	0.600	0.435	0.773
STAT5A	STAT5B	9606.ENSP00000341208	9606.ENSP00000293328	0	0	0	0.985	0.112	0.403	0.900	0.927	0.943
STAT5A	NPM1	9606.ENSP00000341208	9606.ENSP00000296930	0	0	0	0	0	0	0	0.425	0.424
STAT5A	BCL2L1	9606.ENSP00000341208	9606.ENSP00000302564	0	0	0	0	0	0.069	0.900	0.689	0.968
STAT5A	IRS1	9606.ENSP00000341208	9606.ENSP00000304895	0	0	0	0	0.062	0	0	0.416	0.428
STAT5A	CALR	9606.ENSP00000341208	9606.ENSP00000320866	0	0	0	0	0	0	0	0.516	0.516
STAT5A	IL23R	9606.ENSP00000341208	9606.ENSP00000321345	0	0	0	0	0	0	0.900	0.460	0.943
STAT5A	SOCS1	9606.ENSP00000341208	9606.ENSP00000329418	0	0	0	0	0.069	0.161	0.900	0.699	0.973
STAT5A	SOCS3	9606.ENSP00000341208	9606.ENSP00000330341	0	0	0	0	0.086	0.161	0.900	0.727	0.976
STAT5A	LEPR	9606.ENSP00000341208	9606.ENSP00000330393	0	0	0	0	0	0.113	0.600	0.584	0.840
STAT5A	HSP90AA1	9606.ENSP00000341208	9606.ENSP00000335153	0	0	0	0	0	0	0	0.459	0.459
STAT5A	PTPN11	9606.ENSP00000341208	9606.ENSP00000340944	0	0	0	0	0.062	0.711	0.500	0.889	0.983
STAT5A	SH2B3	9606.ENSP00000341208	9606.ENSP00000345492	0	0	0	0	0.096	0	0	0.429	0.462
STAT5A	TET2	9606.ENSP00000341208	9606.ENSP00000442788	0	0	0	0	0.051	0.270	0	0.377	0.530
STAT5A	PTEN	9606.ENSP00000341208	9606.ENSP00000361021	0	0	0	0	0.063	0	0	0.535	0.546
STAT5A	IL10	9606.ENSP00000341208	9606.ENSP00000412237	0	0	0	0	0	0.068	0	0.671	0.680
STAT5A	AKT1	9606.ENSP00000341208	9606.ENSP00000451828	0	0	0	0	0.060	0.140	0	0.786	0.811
STAT5A	STAT4	9606.ENSP00000341208	9606.ENSP00000376134	0	0	0	0.736	0	0	0.800	0.839	0.843
STAT5A	FAS	9606.ENSP00000341208	9606.ENSP00000347979	0	0	0	0	0.062	0	0.900	0.333	0.932
STAT5A	MPL	9606.ENSP00000341208	9606.ENSP00000361548	0	0	0	0	0	0	0.900	0.620	0.960
STAT5A	JAK2	9606.ENSP00000341208	9606.ENSP00000371067	0	0	0	0	0.096	0.962	0.900	0.979	0.999
STAT5B	THPO	9606.ENSP00000293328	9606.ENSP00000204615	0	0	0	0	0	0	0.900	0.603	0.958
STAT5B	EPOR	9606.ENSP00000293328	9606.ENSP00000222139	0	0	0	0	0	0.213	0.900	0.923	0.993
STAT5B	IL10RA	9606.ENSP00000293328	9606.ENSP00000227752	0	0	0	0	0.070	0.117	0.900	0.391	0.943
STAT5B	IFNG	9606.ENSP00000293328	9606.ENSP00000229135	0	0	0	0	0.062	0	0	0.543	0.553
STAT5B	CREBBP	9606.ENSP00000293328	9606.ENSP00000262367	0	0	0	0	0.062	0.281	0.900	0.341	0.949
STAT5B	EP300	9606.ENSP00000293328	9606.ENSP00000263253	0	0	0	0	0.062	0.225	0.900	0.757	0.980
STAT5B	STAT3	9606.ENSP00000293328	9606.ENSP00000264657	0	0	0	0.749	0.062	0.600	0.900	0.974	0.969
STAT5B	CDK2	9606.ENSP00000293328	9606.ENSP00000266970	0	0	0	0	0.062	0.159	0	0.349	0.442
STAT5B	TP53	9606.ENSP00000293328	9606.ENSP00000269305	0	0	0	0	0	0	0	0.566	0.566
STAT5B	IL10RB	9606.ENSP00000293328	9606.ENSP00000290200	0	0	0	0	0.049	0.056	0.600	0.458	0.779
STAT5B	IRS1	9606.ENSP00000293328	9606.ENSP00000304895	0	0	0	0	0.062	0	0	0.428	0.440
STAT5B	IL23R	9606.ENSP00000293328	9606.ENSP00000321345	0	0	0	0	0	0	0	0.459	0.459
STAT5B	SH2B3	9606.ENSP00000293328	9606.ENSP00000345492	0	0	0	0	0.062	0	0	0.452	0.463
STAT5B	IFNGR1	9606.ENSP00000293328	9606.ENSP00000356713	0	0	0	0	0	0.057	0	0.490	0.498
STAT5B	NPM1	9606.ENSP00000293328	9606.ENSP00000296930	0	0	0	0	0	0	0	0.505	0.505
STAT5B	PTEN	9606.ENSP00000293328	9606.ENSP00000361021	0	0	0	0	0.063	0	0	0.535	0.546
STAT5B	TET2	9606.ENSP00000293328	9606.ENSP00000442788	0	0	0	0	0.051	0	0	0.574	0.578
STAT5B	HSP90AA1	9606.ENSP00000293328	9606.ENSP00000335153	0	0	0	0	0	0	0	0.580	0.580
STAT5B	IL10	9606.ENSP00000293328	9606.ENSP00000412237	0	0	0	0	0	0.068	0	0.669	0.678
STAT5B	LEPR	9606.ENSP00000293328	9606.ENSP00000330393	0	0	0	0	0	0.101	0.600	0.435	0.779
STAT5B	AKT1	9606.ENSP00000293328	9606.ENSP00000451828	0	0	0	0	0.062	0.140	0	0.785	0.811
STAT5B	STAT4	9606.ENSP00000293328	9606.ENSP00000376134	0	0	0	0.754	0	0	0.800	0.782	0.838
STAT5B	FAS	9606.ENSP00000293328	9606.ENSP00000347979	0	0	0	0	0.056	0	0.900	0.324	0.930
STAT5B	STAT5A	9606.ENSP00000293328	9606.ENSP00000341208	0	0	0	0.985	0.112	0.403	0.900	0.927	0.943
STAT5B	PTPN11	9606.ENSP00000293328	9606.ENSP00000340944	0	0	0	0	0.062	0.346	0.500	0.863	0.952
STAT5B	MPL	9606.ENSP00000293328	9606.ENSP00000361548	0	0	0	0	0	0	0.900	0.688	0.967
STAT5B	BCL2L1	9606.ENSP00000293328	9606.ENSP00000302564	0	0	0	0	0	0.069	0.900	0.688	0.968
STAT5B	SOCS1	9606.ENSP00000293328	9606.ENSP00000329418	0	0	0	0	0	0.161	0.900	0.699	0.972
STAT5B	SOCS3	9606.ENSP00000293328	9606.ENSP00000330341	0	0	0	0	0.052	0.161	0.900	0.731	0.975
STAT5B	JAK2	9606.ENSP00000293328	9606.ENSP00000371067	0	0	0	0	0.062	0.926	0.900	0.992	0.999
TET2	THPO	9606.ENSP00000442788	9606.ENSP00000204615	0	0	0	0	0	0	0	0.486	0.485
TET2	CREBBP	9606.ENSP00000442788	9606.ENSP00000262367	0	0	0	0	0.063	0	0	0.455	0.467
TET2	EP300	9606.ENSP00000442788	9606.ENSP00000263253	0	0	0	0	0.066	0	0	0.460	0.474
TET2	STAT3	9606.ENSP00000442788	9606.ENSP00000264657	0	0	0	0	0.062	0	0	0.395	0.408
TET2	TP53	9606.ENSP00000442788	9606.ENSP00000269305	0	0	0	0	0	0	0	0.681	0.681
TET2	ATM	9606.ENSP00000442788	9606.ENSP00000278616	0	0	0	0	0.083	0	0	0.417	0.442
TET2	STAT5B	9606.ENSP00000442788	9606.ENSP00000293328	0	0	0	0	0.051	0	0	0.574	0.578
TET2	NPM1	9606.ENSP00000442788	9606.ENSP00000296930	0	0	0	0	0	0	0	0.760	0.760
TET2	CALR	9606.ENSP00000442788	9606.ENSP00000320866	0	0	0	0	0	0	0	0.601	0.601
TET2	PTPN11	9606.ENSP00000442788	9606.ENSP00000340944	0	0	0	0	0	0	0	0.601	0.601
TET2	STAT5A	9606.ENSP00000442788	9606.ENSP00000341208	0	0	0	0	0.051	0.270	0	0.377	0.530
TET2	SH2B3	9606.ENSP00000442788	9606.ENSP00000345492	0	0	0	0	0	0	0	0.650	0.650
TET2	PTEN	9606.ENSP00000442788	9606.ENSP00000361021	0	0	0	0	0.065	0	0	0.424	0.438
TET2	MPL	9606.ENSP00000442788	9606.ENSP00000361548	0	0	0	0	0	0	0	0.465	0.465
TET2	JAK2	9606.ENSP00000442788	9606.ENSP00000371067	0	0	0	0	0.085	0	0	0.739	0.751
THPO	CALR	9606.ENSP00000204615	9606.ENSP00000320866	0	0	0	0	0	0	0	0.417	0.416
THPO	F2	9606.ENSP00000204615	9606.ENSP00000308541	0	0	0	0	0.083	0	0	0.404	0.430
THPO	AKT1	9606.ENSP00000204615	9606.ENSP00000451828	0	0	0	0	0	0	0	0.455	0.455
THPO	TET2	9606.ENSP00000204615	9606.ENSP00000442788	0	0	0	0	0	0	0	0.486	0.485
THPO	IL23R	9606.ENSP00000204615	9606.ENSP00000321345	0	0	0	0	0	0	0.600	0	0.600
THPO	IL10RA	9606.ENSP00000204615	9606.ENSP00000227752	0	0	0	0	0	0	0.600	0	0.600
THPO	IL10RB	9606.ENSP00000204615	9606.ENSP00000290200	0	0	0	0	0	0	0.600	0	0.600
THPO	IFNGR2	9606.ENSP00000204615	9606.ENSP00000290219	0	0	0	0	0	0	0.600	0.048	0.602
THPO	SH2B3	9606.ENSP00000204615	9606.ENSP00000345492	0	0	0	0	0	0	0	0.603	0.603
THPO	IFNGR1	9606.ENSP00000204615	9606.ENSP00000356713	0	0	0	0	0	0	0.600	0.095	0.622
THPO	LEPR	9606.ENSP00000204615	9606.ENSP00000330393	0	0	0	0	0	0	0.600	0.204	0.667
THPO	EPOR	9606.ENSP00000204615	9606.ENSP00000222139	0	0	0	0	0	0	0.600	0.709	0.878
THPO	STAT3	9606.ENSP00000204615	9606.ENSP00000264657	0	0	0	0	0	0	0.900	0.460	0.943
THPO	STAT5B	9606.ENSP00000204615	9606.ENSP00000293328	0	0	0	0	0	0	0.900	0.603	0.958
THPO	STAT5A	9606.ENSP00000204615	9606.ENSP00000341208	0	0	0	0	0	0	0.900	0.602	0.958
THPO	JAK2	9606.ENSP00000204615	9606.ENSP00000371067	0	0	0	0	0	0	0.900	0.685	0.967
THPO	MPL	9606.ENSP00000204615	9606.ENSP00000361548	0	0	0	0	0	0.463	0.900	0.990	0.999
TP53	SIRT1	9606.ENSP00000269305	9606.ENSP00000212015	0	0	0	0	0.062	0.884	0.900	0.989	0.999
TP53	AURKA	9606.ENSP00000269305	9606.ENSP00000216911	0	0	0	0	0.096	0.875	0.900	0.935	0.999
TP53	DDX5	9606.ENSP00000269305	9606.ENSP00000225792	0	0	0	0	0	0.748	0.900	0.988	0.999
TP53	IFNG	9606.ENSP00000269305	9606.ENSP00000229135	0	0	0	0	0	0	0	0.657	0.657
TP53	UBE3A	9606.ENSP00000269305	9606.ENSP00000232165	0	0	0	0	0	0.919	0.800	0.989	0.999
TP53	RPA1	9606.ENSP00000269305	9606.ENSP00000254719	0	0	0	0	0.060	0.973	0.900	0.986	0.999
TP53	MDM2	9606.ENSP00000269305	9606.ENSP00000258149	0	0	0	0	0.240	0.998	0.900	0.995	0.999
TP53	BARD1	9606.ENSP00000269305	9606.ENSP00000260947	0	0	0	0	0.062	0.848	0.900	0.938	0.999
TP53	CREBBP	9606.ENSP00000269305	9606.ENSP00000262367	0	0	0	0	0	0.983	0.900	0.988	0.999
TP53	EP300	9606.ENSP00000269305	9606.ENSP00000263253	0	0	0	0	0	0.998	0.900	0.989	0.999
TP53	STAT3	9606.ENSP00000269305	9606.ENSP00000264657	0	0	0	0	0	0	0.300	0.845	0.887
TP53	CDK2	9606.ENSP00000269305	9606.ENSP00000266970	0	0	0	0	0.095	0.790	0.900	0.970	0.999
TP53	PTPN22	9606.ENSP00000269305	9606.ENSP00000352833	0	0	0	0	0	0	0	0.448	0.448
TP53	PDIA3	9606.ENSP00000269305	9606.ENSP00000300289	0	0	0	0	0.062	0	0	0.451	0.463
TP53	STAT4	9606.ENSP00000269305	9606.ENSP00000376134	0	0	0	0	0	0	0	0.512	0.512
TP53	HSP90B1	9606.ENSP00000269305	9606.ENSP00000299767	0	0	0	0	0	0.282	0	0.395	0.547
TP53	NOS3	9606.ENSP00000269305	9606.ENSP00000297494	0	0	0	0	0	0	0	0.564	0.564
TP53	STAT5B	9606.ENSP00000269305	9606.ENSP00000293328	0	0	0	0	0	0	0	0.566	0.566
TP53	STAT5A	9606.ENSP00000269305	9606.ENSP00000341208	0	0	0	0	0	0	0	0.568	0.568
TP53	PTPN11	9606.ENSP00000269305	9606.ENSP00000340944	0	0	0	0	0.056	0	0	0.566	0.572
TP53	IL10	9606.ENSP00000269305	9606.ENSP00000412237	0	0	0	0	0	0	0	0.580	0.580
TP53	IRS1	9606.ENSP00000269305	9606.ENSP00000304895	0	0	0	0	0	0.182	0	0.530	0.599
TP53	CALR	9606.ENSP00000269305	9606.ENSP00000320866	0	0	0	0	0.060	0	0	0.618	0.626
TP53	FADD	9606.ENSP00000269305	9606.ENSP00000301838	0	0	0	0	0.063	0	0	0.638	0.646
TP53	TET2	9606.ENSP00000269305	9606.ENSP00000442788	0	0	0	0	0	0	0	0.681	0.681
TP53	JAK2	9606.ENSP00000269305	9606.ENSP00000371067	0	0	0	0	0.049	0.056	0	0.685	0.692
TP53	SOCS3	9606.ENSP00000269305	9606.ENSP00000330341	0	0	0	0	0	0	0	0.871	0.871
TP53	FAS	9606.ENSP00000269305	9606.ENSP00000347979	0	0	0	0	0.063	0	0.900	0.682	0.967
TP53	SOCS1	9606.ENSP00000269305	9606.ENSP00000329418	0	0	0	0	0	0.682	0	0.962	0.987
TP53	AKT1	9606.ENSP00000269305	9606.ENSP00000451828	0	0	0	0	0.053	0.201	0.900	0.877	0.989
TP53	GSK3B	9606.ENSP00000269305	9606.ENSP00000324806	0	0	0	0	0	0.866	0.900	0.973	0.999
TP53	NPM1	9606.ENSP00000269305	9606.ENSP00000296930	0	0	0	0	0.096	0.875	0.650	0.983	0.999
TP53	KAT5	9606.ENSP00000269305	9606.ENSP00000340330	0	0	0	0	0	0.871	0.900	0.967	0.999
TP53	WRN	9606.ENSP00000269305	9606.ENSP00000298139	0	0	0	0	0	0.866	0.900	0.985	0.999
TP53	SP1	9606.ENSP00000269305	9606.ENSP00000329357	0	0	0	0	0.054	0.946	0.900	0.988	0.999
TP53	BCL2L1	9606.ENSP00000269305	9606.ENSP00000302564	0	0	0	0	0.051	0.977	0.900	0.990	0.999
TP53	NDN	9606.ENSP00000269305	9606.ENSP00000332643	0	0	0	0	0	0.836	0.900	0.986	0.999
TP53	SFN	9606.ENSP00000269305	9606.ENSP00000340989	0	0	0	0	0	0.973	0.900	0.967	0.999
TP53	ATM	9606.ENSP00000269305	9606.ENSP00000278616	0	0	0	0	0	0.915	0.900	0.989	0.999
TP53	PTEN	9606.ENSP00000269305	9606.ENSP00000361021	0	0	0	0	0	0.851	0.900	0.986	0.999
TP53	RCHY1	9606.ENSP00000269305	9606.ENSP00000321239	0	0	0	0	0	0.887	0.800	0.973	0.999
TP53	HSP90AA1	9606.ENSP00000269305	9606.ENSP00000335153	0	0	0	0	0.049	0.899	0.900	0.989	0.999
UBE3A	GSK3B	9606.ENSP00000232165	9606.ENSP00000324806	0	0	0	0	0.064	0.324	0	0.129	0.401
UBE3A	BARD1	9606.ENSP00000232165	9606.ENSP00000260947	0	0	0	0	0.065	0.296	0	0.306	0.503
UBE3A	RCHY1	9606.ENSP00000232165	9606.ENSP00000321239	0	0	0	0	0.065	0	0	0.520	0.532
UBE3A	EP300	9606.ENSP00000232165	9606.ENSP00000263253	0	0	0	0	0.061	0.061	0	0.553	0.572
UBE3A	MDM2	9606.ENSP00000232165	9606.ENSP00000258149	0	0	0	0	0.065	0.270	0	0.595	0.699
UBE3A	NDN	9606.ENSP00000232165	9606.ENSP00000332643	0	0	0	0	0	0	0	0.713	0.713
UBE3A	PTEN	9606.ENSP00000232165	9606.ENSP00000361021	0	0	0	0	0.065	0.070	0.800	0.404	0.882
UBE3A	HSP90AA1	9606.ENSP00000232165	9606.ENSP00000335153	0	0	0	0	0	0.070	0.900	0.334	0.932
UBE3A	TP53	9606.ENSP00000232165	9606.ENSP00000269305	0	0	0	0	0	0.919	0.800	0.989	0.999
WRN	SIRT1	9606.ENSP00000298139	9606.ENSP00000212015	0.044	0	0	0	0.065	0.414	0	0.670	0.804
WRN	AURKA	9606.ENSP00000298139	9606.ENSP00000216911	0	0	0	0	0.135	0.368	0	0.104	0.468
WRN	RPA1	9606.ENSP00000298139	9606.ENSP00000254719	0	0	0	0	0.112	0.938	0.600	0.867	0.996
WRN	MDM2	9606.ENSP00000298139	9606.ENSP00000258149	0	0	0	0	0.062	0.270	0	0.324	0.496
WRN	BARD1	9606.ENSP00000298139	9606.ENSP00000260947	0	0	0	0	0.115	0.270	0.600	0.713	0.916
WRN	CDK2	9606.ENSP00000298139	9606.ENSP00000266970	0	0	0	0	0.105	0.213	0	0.340	0.495
WRN	TP53	9606.ENSP00000298139	9606.ENSP00000269305	0	0	0	0	0	0.866	0.900	0.985	0.999
WRN	ATM	9606.ENSP00000298139	9606.ENSP00000278616	0	0	0	0	0.152	0.658	0.600	0.833	0.978
WRN	KAT5	9606.ENSP00000298139	9606.ENSP00000340330	0	0	0	0	0.069	0.213	0.600	0.274	0.758
