"","ID","Description","GeneRatio","BgRatio","pvalue","p.adjust","qvalue","geneID","Count"
"GO:0045861","GO:0045861","negative regulation of proteolysis","4/5","350/18800",5.8188370592046e-07,0.00043059394238114,0.000104126557901556,"C4A/F2/IL10/SERPINC1",4
"GO:0046425","GO:0046425","regulation of receptor signaling pathway via JAK-STAT","3/5","105/18800",1.67924411071087e-06,0.000470708385275904,0.000113827063295738,"F2/IL10/IFNG",3
"GO:1904892","GO:1904892","regulation of receptor signaling pathway via STAT","3/5","116/18800",2.26846398279891e-06,0.000470708385275904,0.000113827063295738,"F2/IL10/IFNG",3
"GO:0045348","GO:0045348","positive regulation of MHC class II biosynthetic process","2/5","10/18800",2.54436965014002e-06,0.000470708385275904,0.000113827063295738,"IL10/IFNG",2
"GO:0045346","GO:0045346","regulation of MHC class II biosynthetic process","2/5","15/18800",5.93370410765525e-06,0.000698872040678175,0.00016900177370596,"IL10/IFNG",2
"GO:1903034","GO:1903034","regulation of response to wounding","3/5","166/18800",6.67367830439419e-06,0.000698872040678175,0.00016900177370596,"F2/IL10/SERPINC1",3
"GO:0045342","GO:0045342","MHC class II biosynthetic process","2/5","16/18800",6.78065437378772e-06,0.000698872040678175,0.00016900177370596,"IL10/IFNG",2
"GO:0007259","GO:0007259","receptor signaling pathway via JAK-STAT","3/5","173/18800",7.55537341273702e-06,0.000698872040678175,0.00016900177370596,"F2/IL10/IFNG",3
"GO:0097696","GO:0097696","receptor signaling pathway via STAT","3/5","184/18800",9.09163172726253e-06,0.000747534164241586,0.00018076928580522,"F2/IL10/IFNG",3
"GO:0051043","GO:0051043","regulation of membrane protein ectodomain proteolysis","2/5","24/18800",1.5582229644318e-05,0.00115308499367953,0.000278839898898322,"IL10/IFNG",2
"GO:0006959","GO:0006959","humoral immune response","3/5","317/18800",4.63133440042028e-05,0.00294773327320903,0.000712823124389098,"C4A/F2/IFNG",3
"GO:0006509","GO:0006509","membrane protein ectodomain proteolysis","2/5","44/18800",5.32950288904879e-05,0.00294773327320903,0.000712823124389098,"IL10/IFNG",2
"GO:0046427","GO:0046427","positive regulation of receptor signaling pathway via JAK-STAT","2/5","45/18800",5.57679267904412e-05,0.00294773327320903,0.000712823124389098,"F2/IL10",2
"GO:2000273","GO:2000273","positive regulation of signaling receptor activity","2/5","45/18800",5.57679267904412e-05,0.00294773327320903,0.000712823124389098,"IL10/IFNG",2
"GO:1904894","GO:1904894","positive regulation of receptor signaling pathway via STAT","2/5","49/18800",6.62173158150463e-05,0.00320825509985698,0.000775822712625444,"F2/IL10",2
"GO:0001818","GO:0001818","negative regulation of cytokine production","3/5","363/18800",6.93676778347455e-05,0.00320825509985698,0.000775822712625444,"F2/IL10/IFNG",3
"GO:0033619","GO:0033619","membrane protein proteolysis","2/5","58/18800",9.29866623231494e-05,0.00397311250934131,0.000960781118901882,"IL10/IFNG",2
"GO:0045428","GO:0045428","regulation of nitric oxide biosynthetic process","2/5","61/18800",0.000102910587725846,0.00397311250934131,0.000960781118901882,"IL10/IFNG",2
"GO:0032615","GO:0032615","interleukin-12 production","2/5","63/18800",0.000109804123063012,0.00397311250934131,0.000960781118901882,"IL10/IFNG",2
"GO:0032655","GO:0032655","regulation of interleukin-12 production","2/5","63/18800",0.000109804123063012,0.00397311250934131,0.000960781118901882,"IL10/IFNG",2
"GO:0080164","GO:0080164","regulation of nitric oxide metabolic process","2/5","64/18800",0.000113334112582625,0.00397311250934131,0.000960781118901882,"IL10/IFNG",2
"GO:0030193","GO:0030193","regulation of blood coagulation","2/5","66/18800",0.000120560445903313,0.00397311250934131,0.000960781118901882,"F2/SERPINC1",2
"GO:1900046","GO:1900046","regulation of hemostasis","2/5","68/18800",0.000128008465738636,0.00397311250934131,0.000960781118901882,"F2/SERPINC1",2
"GO:0002443","GO:0002443","leukocyte mediated immunity","3/5","457/18800",0.000137600281866478,0.00397311250934131,0.000960781118901882,"C4A/F2/IL10",3
"GO:0050766","GO:0050766","positive regulation of phagocytosis","2/5","71/18800",0.000139595844922803,0.00397311250934131,0.000960781118901882,"C4A/IFNG",2
"GO:0050818","GO:0050818","regulation of coagulation","2/5","71/18800",0.000139595844922803,0.00397311250934131,0.000960781118901882,"F2/SERPINC1",2
"GO:0048662","GO:0048662","negative regulation of smooth muscle cell proliferation","2/5","73/18800",0.00014759745555251,0.00404526359662435,0.000978228750250554,"IL10/IFNG",2
"GO:0006809","GO:0006809","nitric oxide biosynthetic process","2/5","75/18800",0.000155820252423584,0.00411810667119473,0.000995843718496592,"IL10/IFNG",2
"GO:0048708","GO:0048708","astrocyte differentiation","2/5","79/18800",0.00017292883360792,0.0044126667886159,0.00106707447235377,"F2/IFNG",2
"GO:0046209","GO:0046209","nitric oxide metabolic process","2/5","81/18800",0.000181814332394931,0.00444811186569791,0.00107564582812041,"IL10/IFNG",2
"GO:2001057","GO:2001057","reactive nitrogen species metabolic process","2/5","82/18800",0.000186339821400858,0.00444811186569791,0.00107564582812041,"IL10/IFNG",2
"GO:1900182","GO:1900182","positive regulation of protein localization to nucleus","2/5","84/18800",0.000195556189475113,0.004522236881612,0.00109357079640688,"F2/IFNG",2
"GO:0032642","GO:0032642","regulation of chemokine production","2/5","97/18800",0.000260828492797534,0.00574439581787639,0.0013891142091593,"IL10/IFNG",2
"GO:0032602","GO:0032602","chemokine production","2/5","98/18800",0.000266234019277556,0.00574439581787639,0.0013891142091593,"IL10/IFNG",2
"GO:0050764","GO:0050764","regulation of phagocytosis","2/5","99/18800",0.000271694396791451,0.00574439581787639,0.0013891142091593,"C4A/IFNG",2
"GO:0042116","GO:0042116","macrophage activation","2/5","106/18800",0.000311451374859693,0.00634699841337342,0.00153483603168347,"IL10/IFNG",2
"GO:0045621","GO:0045621","positive regulation of lymphocyte differentiation","2/5","107/18800",0.000317349920668671,0.00634699841337342,0.00153483603168347,"IL10/IFNG",2
"GO:0032612","GO:0032612","interleukin-1 production","2/5","129/18800",0.000460923348281004,0.00874572506994726,0.00211489795432579,"IL10/IFNG",2
"GO:0032652","GO:0032652","regulation of interleukin-1 production","2/5","129/18800",0.000460923348281004,0.00874572506994726,0.00211489795432579,"IL10/IFNG",2
"GO:1900180","GO:1900180","regulation of protein localization to nucleus","2/5","132/18800",0.000482542039697479,0.00884131766841322,0.002138014229915,"F2/IFNG",2
"GO:0061041","GO:0061041","regulation of wound healing","2/5","133/18800",0.000489856789736408,0.00884131766841322,0.002138014229915,"F2/SERPINC1",2
"GO:1904064","GO:1904064","positive regulation of cation transmembrane transport","2/5","148/18800",0.000606075779049019,0.0106784780118161,0.0025822777553467,"F2/IFNG",2
"GO:0045834","GO:0045834","positive regulation of lipid metabolic process","2/5","153/18800",0.000647516651986279,0.0111433098248802,0.00269468374143617,"F2/IFNG",2
"GO:1902107","GO:1902107","positive regulation of leukocyte differentiation","2/5","157/18800",0.000681639245279202,0.0112091787001469,0.00271061220344946,"IL10/IFNG",2
"GO:1903708","GO:1903708","positive regulation of hemopoiesis","2/5","157/18800",0.000681639245279202,0.0112091787001469,0.00271061220344946,"IL10/IFNG",2
"GO:0034767","GO:0034767","positive regulation of ion transmembrane transport","2/5","163/18800",0.000734436983544341,0.011814855822235,0.00285707751035556,"F2/IFNG",2
"GO:0048660","GO:0048660","regulation of smooth muscle cell proliferation","2/5","170/18800",0.000798477475410753,0.0119956527726181,0.00290079796777393,"IL10/IFNG",2
"GO:0032635","GO:0032635","interleukin-6 production","2/5","172/18800",0.000817257223735769,0.0119956527726181,0.00290079796777393,"IL10/IFNG",2
"GO:0032675","GO:0032675","regulation of interleukin-6 production","2/5","172/18800",0.000817257223735769,0.0119956527726181,0.00290079796777393,"IL10/IFNG",2
"GO:0010469","GO:0010469","regulation of signaling receptor activity","2/5","173/18800",0.00082672742081557,0.0119956527726181,0.00290079796777393,"IL10/IFNG",2
"GO:0048659","GO:0048659","smooth muscle cell proliferation","2/5","173/18800",0.00082672742081557,0.0119956527726181,0.00290079796777393,"IL10/IFNG",2
"GO:0045619","GO:0045619","regulation of lymphocyte differentiation","2/5","181/18800",0.000904414428465042,0.0125270618747835,0.00302930372505433,"IL10/IFNG",2
"GO:0032640","GO:0032640","tumor necrosis factor production","2/5","182/18800",0.000914365719902557,0.0125270618747835,0.00302930372505433,"IL10/IFNG",2
"GO:0032680","GO:0032680","regulation of tumor necrosis factor production","2/5","182/18800",0.000914365719902557,0.0125270618747835,0.00302930372505433,"IL10/IFNG",2
"GO:0001906","GO:0001906","cell killing","2/5","185/18800",0.000944539726980152,0.0125270618747835,0.00302930372505433,"F2/IFNG",2
"GO:0071706","GO:0071706","tumor necrosis factor superfamily cytokine production","2/5","187/18800",0.000964922333598188,0.0125270618747835,0.00302930372505433,"IL10/IFNG",2
"GO:1903555","GO:1903555","regulation of tumor necrosis factor superfamily cytokine production","2/5","187/18800",0.000964922333598188,0.0125270618747835,0.00302930372505433,"IL10/IFNG",2
"GO:0002285","GO:0002285","lymphocyte activation involved in immune response","2/5","201/18800",0.00111356003053508,0.0142074900447579,0.00343566615591586,"IL10/IFNG",2
"GO:0034764","GO:0034764","positive regulation of transmembrane transport","2/5","213/18800",0.00124923894800899,0.0155039728377618,0.00374918262079588,"F2/IFNG",2
"GO:0016064","GO:0016064","immunoglobulin mediated immune response","2/5","216/18800",0.00128434841018506,0.0155039728377618,0.00374918262079588,"C4A/IL10",2
"GO:0050866","GO:0050866","negative regulation of cell activation","2/5","216/18800",0.00128434841018506,0.0155039728377618,0.00374918262079588,"F2/IL10",2
"GO:0010001","GO:0010001","glial cell differentiation","2/5","218/18800",0.0013080186086665,0.0155039728377618,0.00374918262079588,"F2/IFNG",2
"GO:0019724","GO:0019724","B cell mediated immunity","2/5","219/18800",0.00131993282267432,0.0155039728377618,0.00374918262079588,"C4A/IL10",2
"GO:0007596","GO:0007596","blood coagulation","2/5","221/18800",0.00134391939301565,0.0155390679817435,0.0037576693554714,"F2/SERPINC1",2
"GO:0050817","GO:0050817","coagulation","2/5","226/18800",0.00140480750215428,0.0158891789496945,0.00384233345867434,"F2/SERPINC1",2
"GO:0007599","GO:0007599","hemostasis","2/5","227/18800",0.00141714298740518,0.0158891789496945,0.00384233345867434,"F2/SERPINC1",2
"GO:0002274","GO:0002274","myeloid leukocyte activation","2/5","232/18800",0.00147960877273085,0.0162392943383125,0.00392699863088637,"IL10/IFNG",2
"GO:0033002","GO:0033002","muscle cell proliferation","2/5","233/18800",0.00149225947973682,0.0162392943383125,0.00392699863088637,"IL10/IFNG",2
"GO:0002699","GO:0002699","positive regulation of immune effector process","2/5","248/18800",0.00168830747075197,0.0181064859182095,0.00437852433299518,"IL10/IFNG",2
"GO:0010951","GO:0010951","negative regulation of endopeptidase activity","2/5","251/18800",0.00172892875917021,0.0182772468826565,0.0044198178805855,"C4A/SERPINC1",2
"GO:0010466","GO:0010466","negative regulation of peptidase activity","2/5","262/18800",0.00188188649560254,0.0196140282640264,0.00474307938105902,"C4A/SERPINC1",2
"GO:0043270","GO:0043270","positive regulation of ion transport","2/5","273/18800",0.00204113292138917,0.0209783105809443,0.00507299117889122,"F2/IFNG",2
"GO:1902105","GO:1902105","regulation of leukocyte differentiation","2/5","283/18800",0.0021913401465093,0.0222135850468066,0.00537170619908553,"IL10/IFNG",2
"GO:0002366","GO:0002366","leukocyte activation involved in immune response","2/5","285/18800",0.00222200145863177,0.0222200145863177,0.00537326099526885,"IL10/IFNG",2
"GO:0002263","GO:0002263","cell activation involved in immune response","2/5","289/18800",0.00228394284530618,0.0222501916426206,0.00538055843420413,"IL10/IFNG",2
"GO:0022409","GO:0022409","positive regulation of cell-cell adhesion","2/5","291/18800",0.00231522264389431,0.0222501916426206,0.00538055843420413,"IL10/IFNG",2
"GO:0042063","GO:0042063","gliogenesis","2/5","291/18800",0.00231522264389431,0.0222501916426206,0.00538055843420413,"F2/IFNG",2
"GO:0034504","GO:0034504","protein localization to nucleus","2/5","294/18800",0.00236252833544076,0.0224137303618739,0.00542010549291403,"F2/IFNG",2
"GO:0006909","GO:0006909","phagocytosis","2/5","310/18800",0.00262262983739357,0.0226474950609242,0.00547663465200158,"C4A/IFNG",2
"GO:0002676","GO:0002676","regulation of chronic inflammatory response","1/5","10/18800",0.00265702901509079,0.0226474950609242,0.00547663465200158,"IL10",1
"GO:0030388","GO:0030388","fructose 1,6-bisphosphate metabolic process","1/5","10/18800",0.00265702901509079,0.0226474950609242,0.00547663465200158,"IFNG",1
"GO:0042368","GO:0042368","vitamin D biosynthetic process","1/5","10/18800",0.00265702901509079,0.0226474950609242,0.00547663465200158,"IFNG",1
"GO:0051918","GO:0051918","negative regulation of fibrinolysis","1/5","10/18800",0.00265702901509079,0.0226474950609242,0.00547663465200158,"F2",1
"GO:2000425","GO:2000425","regulation of apoptotic cell clearance","1/5","10/18800",0.00265702901509079,0.0226474950609242,0.00547663465200158,"C4A",1
"GO:1901214","GO:1901214","regulation of neuron death","2/5","313/18800",0.00267285861315152,0.0226474950609242,0.00547663465200158,"IL10/IFNG",2
"GO:0034115","GO:0034115","negative regulation of heterotypic cell-cell adhesion","1/5","11/18800",0.00292242097118034,0.0226474950609242,0.00547663465200158,"IL10",1
"GO:0070587","GO:0070587","regulation of cell-cell adhesion involved in gastrulation","1/5","11/18800",0.00292242097118034,0.0226474950609242,0.00547663465200158,"IL10",1
"GO:0070944","GO:0070944","neutrophil-mediated killing of bacterium","1/5","11/18800",0.00292242097118034,0.0226474950609242,0.00547663465200158,"F2",1
"GO:0071609","GO:0071609","chemokine (C-C motif) ligand 5 production","1/5","11/18800",0.00292242097118034,0.0226474950609242,0.00547663465200158,"IL10",1
"GO:0071649","GO:0071649","regulation of chemokine (C-C motif) ligand 5 production","1/5","11/18800",0.00292242097118034,0.0226474950609242,0.00547663465200158,"IL10",1
"GO:1900222","GO:1900222","negative regulation of amyloid-beta clearance","1/5","11/18800",0.00292242097118034,0.0226474950609242,0.00547663465200158,"IFNG",1
"GO:0051235","GO:0051235","maintenance of location","2/5","331/18800",0.00298387163617843,0.0226474950609242,0.00547663465200158,"F2/IL10",2
"GO:0010506","GO:0010506","regulation of autophagy","2/5","336/18800",0.00307318851368982,0.0226474950609242,0.00547663465200158,"IL10/IFNG",2
"GO:0019216","GO:0019216","regulation of lipid metabolic process","2/5","339/18800",0.00312738716250685,0.0226474950609242,0.00547663465200158,"F2/IFNG",2
"GO:0050863","GO:0050863","regulation of T cell activation","2/5","342/18800",0.0031820416385331,0.0226474950609242,0.00547663465200158,"IL10/IFNG",2
"GO:0014854","GO:0014854","response to inactivity","1/5","12/18800",0.00318775642783808,0.0226474950609242,0.00547663465200158,"IL10",1
"GO:0030656","GO:0030656","regulation of vitamin metabolic process","1/5","12/18800",0.00318775642783808,0.0226474950609242,0.00547663465200158,"IFNG",1
"GO:0033212","GO:0033212","iron import into cell","1/5","12/18800",0.00318775642783808,0.0226474950609242,0.00547663465200158,"IFNG",1
"GO:0070586","GO:0070586","cell-cell adhesion involved in gastrulation","1/5","12/18800",0.00318775642783808,0.0226474950609242,0.00547663465200158,"IL10",1
"GO:0070943","GO:0070943","neutrophil-mediated killing of symbiont cell","1/5","12/18800",0.00318775642783808,0.0226474950609242,0.00547663465200158,"F2",1
"GO:1903037","GO:1903037","regulation of leukocyte cell-cell adhesion","2/5","344/18800",0.00321873096525405,0.0226474950609242,0.00547663465200158,"IL10/IFNG",2
"GO:1904062","GO:1904062","regulation of cation transmembrane transport","2/5","352/18800",0.00336750938546085,0.0226474950609242,0.00547663465200158,"F2/IFNG",2
"GO:0002697","GO:0002697","regulation of immune effector process","2/5","353/18800",0.0033863337814728,0.0226474950609242,0.00547663465200158,"IL10/IFNG",2
"GO:0070997","GO:0070997","neuron death","2/5","353/18800",0.0033863337814728,0.0226474950609242,0.00547663465200158,"IL10/IFNG",2
"GO:0032621","GO:0032621","interleukin-18 production","1/5","13/18800",0.00345303539408581,0.0226474950609242,0.00547663465200158,"IL10",1
"GO:0032661","GO:0032661","regulation of interleukin-18 production","1/5","13/18800",0.00345303539408581,0.0226474950609242,0.00547663465200158,"IL10",1
"GO:0042362","GO:0042362","fat-soluble vitamin biosynthetic process","1/5","13/18800",0.00345303539408581,0.0226474950609242,0.00547663465200158,"IFNG",1
"GO:0060670","GO:0060670","branching involved in labyrinthine layer morphogenesis","1/5","13/18800",0.00345303539408581,0.0226474950609242,0.00547663465200158,"IL10",1
"GO:1900121","GO:1900121","negative regulation of receptor binding","1/5","13/18800",0.00345303539408581,0.0226474950609242,0.00547663465200158,"IL10",1
"GO:0050767","GO:0050767","regulation of neurogenesis","2/5","361/18800",0.00353874221656963,0.0226474950609242,0.00547663465200158,"F2/IFNG",2
"GO:0042742","GO:0042742","defense response to bacterium","2/5","364/18800",0.00359672533519781,0.0226474950609242,0.00547663465200158,"F2/IL10",2
"GO:0002449","GO:0002449","lymphocyte mediated immunity","2/5","365/18800",0.00361615350574994,0.0226474950609242,0.00547663465200158,"C4A/IL10",2
"GO:0051098","GO:0051098","regulation of binding","2/5","366/18800",0.00363563188008867,0.0226474950609242,0.00547663465200158,"IL10/IFNG",2
"GO:0002460","GO:0002460","adaptive immune response based on somatic recombination of immune receptors built from immunoglobulin superfamily domains","2/5","370/18800",0.00371404707481876,0.0226474950609242,0.00547663465200158,"C4A/IL10",2
"GO:0045579","GO:0045579","positive regulation of B cell differentiation","1/5","14/18800",0.00371825787894398,0.0226474950609242,0.00547663465200158,"IL10",1
"GO:0051917","GO:0051917","regulation of fibrinolysis","1/5","14/18800",0.00371825787894398,0.0226474950609242,0.00547663465200158,"F2",1
"GO:0070942","GO:0070942","neutrophil mediated cytotoxicity","1/5","14/18800",0.00371825787894398,0.0226474950609242,0.00547663465200158,"F2",1
"GO:1901857","GO:1901857","positive regulation of cellular respiration","1/5","14/18800",0.00371825787894398,0.0226474950609242,0.00547663465200158,"IFNG",1
"GO:1902947","GO:1902947","regulation of tau-protein kinase activity","1/5","14/18800",0.00371825787894398,0.0226474950609242,0.00547663465200158,"IFNG",1
"GO:0051251","GO:0051251","positive regulation of lymphocyte activation","2/5","371/18800",0.00373377621274696,0.0226474950609242,0.00547663465200158,"IL10/IFNG",2
"GO:0051346","GO:0051346","negative regulation of hydrolase activity","2/5","371/18800",0.00373377621274696,0.0226474950609242,0.00547663465200158,"C4A/SERPINC1",2
"GO:1903706","GO:1903706","regulation of hemopoiesis","2/5","371/18800",0.00373377621274696,0.0226474950609242,0.00547663465200158,"IL10/IFNG",2
"GO:0007159","GO:0007159","leukocyte cell-cell adhesion","2/5","381/18800",0.00393382037812423,0.022674874458922,0.00548325555905654,"IL10/IFNG",2
"GO:0030098","GO:0030098","lymphocyte differentiation","2/5","382/18800",0.00395409969933376,0.022674874458922,0.00548325555905654,"IL10/IFNG",2
"GO:0050878","GO:0050878","regulation of body fluid levels","2/5","382/18800",0.00395409969933376,0.022674874458922,0.00548325555905654,"F2/SERPINC1",2
"GO:0034116","GO:0034116","positive regulation of heterotypic cell-cell adhesion","1/5","15/18800",0.00398342389143225,0.022674874458922,0.00548325555905654,"IL10",1
"GO:0042994","GO:0042994","cytoplasmic sequestering of transcription factor","1/5","15/18800",0.00398342389143225,0.022674874458922,0.00548325555905654,"IL10",1
"GO:0048712","GO:0048712","negative regulation of astrocyte differentiation","1/5","15/18800",0.00398342389143225,0.022674874458922,0.00548325555905654,"F2",1
"GO:0072378","GO:0072378","blood coagulation, fibrin clot formation","1/5","15/18800",0.00398342389143225,0.022674874458922,0.00548325555905654,"SERPINC1",1
"GO:1903543","GO:1903543","positive regulation of exosomal secretion","1/5","15/18800",0.00398342389143225,0.022674874458922,0.00548325555905654,"IFNG",1
"GO:0050727","GO:0050727","regulation of inflammatory response","2/5","394/18800",0.00420134004767926,0.0233570212320032,0.0056482128157049,"IL10/IFNG",2
"GO:0042176","GO:0042176","regulation of protein catabolic process","2/5","395/18800",0.0042222669366342,0.0233570212320032,0.0056482128157049,"IL10/IFNG",2
"GO:0034393","GO:0034393","positive regulation of smooth muscle cell apoptotic process","1/5","16/18800",0.00424853344056952,0.0233570212320032,0.0056482128157049,"IFNG",1
"GO:0051044","GO:0051044","positive regulation of membrane protein ectodomain proteolysis","1/5","16/18800",0.00424853344056952,0.0233570212320032,0.0056482128157049,"IFNG",1
"GO:0010959","GO:0010959","regulation of metal ion transport","2/5","403/18800",0.00439146961694537,0.0233570212320032,0.0056482128157049,"F2/IFNG",2
"GO:0002544","GO:0002544","chronic inflammatory response","1/5","17/18800",0.00451358653537359,0.0233570212320032,0.0056482128157049,"IL10",1
"GO:0035729","GO:0035729","cellular response to hepatocyte growth factor stimulus","1/5","17/18800",0.00451358653537359,0.0233570212320032,0.0056482128157049,"IL10",1
"GO:0045019","GO:0045019","negative regulation of nitric oxide biosynthetic process","1/5","17/18800",0.00451358653537359,0.0233570212320032,0.0056482128157049,"IL10",1
"GO:0051770","GO:0051770","positive regulation of nitric-oxide synthase biosynthetic process","1/5","17/18800",0.00451358653537359,0.0233570212320032,0.0056482128157049,"IFNG",1
"GO:0070230","GO:0070230","positive regulation of lymphocyte apoptotic process","1/5","17/18800",0.00451358653537359,0.0233570212320032,0.0056482128157049,"IL10",1
"GO:0072376","GO:0072376","protein activation cascade","1/5","17/18800",0.00451358653537359,0.0233570212320032,0.0056482128157049,"SERPINC1",1
"GO:1903541","GO:1903541","regulation of exosomal secretion","1/5","17/18800",0.00451358653537359,0.0233570212320032,0.0056482128157049,"IFNG",1
"GO:1904406","GO:1904406","negative regulation of nitric oxide metabolic process","1/5","17/18800",0.00451358653537359,0.0233570212320032,0.0056482128157049,"IL10",1
"GO:0002281","GO:0002281","macrophage activation involved in immune response","1/5","18/18800",0.00477858318486091,0.0234481878727007,0.00567025880278679,"IFNG",1
"GO:0030889","GO:0030889","negative regulation of B cell proliferation","1/5","18/18800",0.00477858318486091,0.0234481878727007,0.00567025880278679,"IL10",1
"GO:0002696","GO:0002696","positive regulation of leukocyte activation","2/5","421/18800",0.00478375920885612,0.0234481878727007,0.00567025880278679,"IL10/IFNG",2
"GO:0052548","GO:0052548","regulation of endopeptidase activity","2/5","426/18800",0.00489556488739361,0.0234481878727007,0.00567025880278679,"C4A/SERPINC1",2
"GO:0032102","GO:0032102","negative regulation of response to external stimulus","2/5","429/18800",0.00496323847293961,0.0234481878727007,0.00567025880278679,"F2/IL10",2
"GO:0042060","GO:0042060","wound healing","2/5","429/18800",0.00496323847293961,0.0234481878727007,0.00567025880278679,"F2/SERPINC1",2
"GO:0010544","GO:0010544","negative regulation of platelet activation","1/5","19/18800",0.0050435233980477,0.0234481878727007,0.00567025880278679,"F2",1
"GO:0031645","GO:0031645","negative regulation of nervous system process","1/5","19/18800",0.0050435233980477,0.0234481878727007,0.00567025880278679,"IL10",1
"GO:0032695","GO:0032695","negative regulation of interleukin-12 production","1/5","19/18800",0.0050435233980477,0.0234481878727007,0.00567025880278679,"IL10",1
"GO:0035728","GO:0035728","response to hepatocyte growth factor","1/5","19/18800",0.0050435233980477,0.0234481878727007,0.00567025880278679,"IL10",1
"GO:1903131","GO:1903131","mononuclear cell differentiation","2/5","433/18800",0.00505415751802585,0.0234481878727007,0.00567025880278679,"IL10/IFNG",2
"GO:0050867","GO:0050867","positive regulation of cell activation","2/5","436/18800",0.00512286191059954,0.0234481878727007,0.00567025880278679,"IL10/IFNG",2
"GO:0051960","GO:0051960","regulation of nervous system development","2/5","440/18800",0.00521515371493107,0.0234481878727007,0.00567025880278679,"F2/IFNG",2
"GO:0032103","GO:0032103","positive regulation of response to external stimulus","2/5","442/18800",0.0052615932917885,0.0234481878727007,0.00567025880278679,"F2/IFNG",2
"GO:0009110","GO:0009110","vitamin biosynthetic process","1/5","20/18800",0.00530840718394887,0.0234481878727007,0.00567025880278679,"IFNG",1
"GO:0033141","GO:0033141","positive regulation of peptidyl-serine phosphorylation of STAT protein","1/5","20/18800",0.00530840718394887,0.0234481878727007,0.00567025880278679,"IFNG",1
"GO:0042359","GO:0042359","vitamin D metabolic process","1/5","20/18800",0.00530840718394887,0.0234481878727007,0.00567025880278679,"IFNG",1
"GO:0045591","GO:0045591","positive regulation of regulatory T cell differentiation","1/5","20/18800",0.00530840718394887,0.0234481878727007,0.00567025880278679,"IFNG",1
"GO:0045821","GO:0045821","positive regulation of glycolytic process","1/5","20/18800",0.00530840718394887,0.0234481878727007,0.00567025880278679,"IFNG",1
"GO:1900221","GO:1900221","regulation of amyloid-beta clearance","1/5","20/18800",0.00530840718394887,0.0234481878727007,0.00567025880278679,"IFNG",1
"GO:1902004","GO:1902004","positive regulation of amyloid-beta formation","1/5","20/18800",0.00530840718394887,0.0234481878727007,0.00567025880278679,"IFNG",1
"GO:1903204","GO:1903204","negative regulation of oxidative stress-induced neuron death","1/5","20/18800",0.00530840718394887,0.0234481878727007,0.00567025880278679,"IL10",1
"GO:1903206","GO:1903206","negative regulation of hydrogen peroxide-induced cell death","1/5","20/18800",0.00530840718394887,0.0234481878727007,0.00567025880278679,"IL10",1
"GO:1990182","GO:1990182","exosomal secretion","1/5","20/18800",0.00530840718394887,0.0234481878727007,0.00567025880278679,"IFNG",1
"GO:0045785","GO:0045785","positive regulation of cell adhesion","2/5","446/18800",0.00535505912227893,0.0234481878727007,0.00567025880278679,"IL10/IFNG",2
"GO:1903829","GO:1903829","positive regulation of protein localization","2/5","446/18800",0.00535505912227893,0.0234481878727007,0.00567025880278679,"F2/IFNG",2
"GO:0002902","GO:0002902","regulation of B cell apoptotic process","1/5","21/18800",0.00557323455157832,0.0236467621905989,0.00571827819687314,"IL10",1
"GO:0051767","GO:0051767","nitric-oxide synthase biosynthetic process","1/5","21/18800",0.00557323455157832,0.0236467621905989,0.00571827819687314,"IFNG",1
"GO:0051769","GO:0051769","regulation of nitric-oxide synthase biosynthetic process","1/5","21/18800",0.00557323455157832,0.0236467621905989,0.00571827819687314,"IFNG",1
"GO:0097734","GO:0097734","extracellular exosome biogenesis","1/5","21/18800",0.00557323455157832,0.0236467621905989,0.00571827819687314,"IFNG",1
"GO:0022407","GO:0022407","regulation of cell-cell adhesion","2/5","456/18800",0.00559213970723624,0.0236467621905989,0.00571827819687314,"IL10/IFNG",2
"GO:0052547","GO:0052547","regulation of peptidase activity","2/5","456/18800",0.00559213970723624,0.0236467621905989,0.00571827819687314,"C4A/SERPINC1",2
"GO:0032700","GO:0032700","negative regulation of interleukin-17 production","1/5","22/18800",0.00583800550994895,0.0237684886861777,0.00574771419153658,"IFNG",1
"GO:0034755","GO:0034755","iron ion transmembrane transport","1/5","22/18800",0.00583800550994895,0.0237684886861777,0.00574771419153658,"IFNG",1
"GO:0051220","GO:0051220","cytoplasmic sequestering of protein","1/5","22/18800",0.00583800550994895,0.0237684886861777,0.00574771419153658,"IL10",1
"GO:0060713","GO:0060713","labyrinthine layer morphogenesis","1/5","22/18800",0.00583800550994895,0.0237684886861777,0.00574771419153658,"IL10",1
"GO:1901032","GO:1901032","negative regulation of response to reactive oxygen species","1/5","22/18800",0.00583800550994895,0.0237684886861777,0.00574771419153658,"IL10",1
"GO:2000310","GO:2000310","regulation of NMDA receptor activity","1/5","22/18800",0.00583800550994895,0.0237684886861777,0.00574771419153658,"IFNG",1
"GO:0001819","GO:0001819","positive regulation of cytokine production","2/5","475/18800",0.00605598641089009,0.0237684886861777,0.00574771419153658,"IL10/IFNG",2
"GO:0033674","GO:0033674","positive regulation of kinase activity","2/5","476/18800",0.00608088387578064,0.0237684886861777,0.00574771419153658,"F2/IFNG",2
"GO:0034765","GO:0034765","regulation of ion transmembrane transport","2/5","476/18800",0.00608088387578064,0.0237684886861777,0.00574771419153658,"F2/IFNG",2
"GO:0010893","GO:0010893","positive regulation of steroid biosynthetic process","1/5","23/18800",0.00610272006807266,0.0237684886861777,0.00574771419153658,"IFNG",1
"GO:0030194","GO:0030194","positive regulation of blood coagulation","1/5","23/18800",0.00610272006807266,0.0237684886861777,0.00574771419153658,"F2",1
"GO:0033139","GO:0033139","regulation of peptidyl-serine phosphorylation of STAT protein","1/5","23/18800",0.00610272006807266,0.0237684886861777,0.00574771419153658,"IFNG",1
"GO:0140112","GO:0140112","extracellular vesicle biogenesis","1/5","23/18800",0.00610272006807266,0.0237684886861777,0.00574771419153658,"IFNG",1
"GO:1900048","GO:1900048","positive regulation of hemostasis","1/5","23/18800",0.00610272006807266,0.0237684886861777,0.00574771419153658,"F2",1
"GO:1900120","GO:1900120","regulation of receptor binding","1/5","23/18800",0.00610272006807266,0.0237684886861777,0.00574771419153658,"IL10",1
"GO:0042730","GO:0042730","fibrinolysis","1/5","24/18800",0.00636737823496114,0.0241633840711346,0.00584320809686043,"F2",1
"GO:0045672","GO:0045672","positive regulation of osteoclast differentiation","1/5","24/18800",0.00636737823496114,0.0241633840711346,0.00584320809686043,"IFNG",1
"GO:0048143","GO:0048143","astrocyte activation","1/5","24/18800",0.00636737823496114,0.0241633840711346,0.00584320809686043,"IFNG",1
"GO:0050820","GO:0050820","positive regulation of coagulation","1/5","24/18800",0.00636737823496114,0.0241633840711346,0.00584320809686043,"F2",1
"GO:2000679","GO:2000679","positive regulation of transcription regulatory region DNA binding","1/5","24/18800",0.00636737823496114,0.0241633840711346,0.00584320809686043,"IFNG",1
"GO:0032967","GO:0032967","positive regulation of collagen biosynthetic process","1/5","25/18800",0.00663198001962373,0.0245383260726078,0.00593387685966334,"F2",1
"GO:0034114","GO:0034114","regulation of heterotypic cell-cell adhesion","1/5","25/18800",0.00663198001962373,0.0245383260726078,0.00593387685966334,"IL10",1
"GO:0035821","GO:0035821","modulation of process of another organism","1/5","25/18800",0.00663198001962373,0.0245383260726078,0.00593387685966334,"IFNG",1
"GO:0060333","GO:0060333","interferon-gamma-mediated signaling pathway","1/5","25/18800",0.00663198001962373,0.0245383260726078,0.00593387685966334,"IFNG",1
"GO:1902993","GO:1902993","positive regulation of amyloid precursor protein catabolic process","1/5","25/18800",0.00663198001962373,0.0245383260726078,0.00593387685966334,"IFNG",1
"GO:0060284","GO:0060284","regulation of cell development","2/5","500/18800",0.00669288389967781,0.0246404680883661,0.00595857692037301,"F2/IFNG",2
"GO:0001783","GO:0001783","B cell apoptotic process","1/5","26/18800",0.00689652543106967,0.0246472126230127,0.00596020788892199,"IL10",1
"GO:0010714","GO:0010714","positive regulation of collagen metabolic process","1/5","26/18800",0.00689652543106967,0.0246472126230127,0.00596020788892199,"F2",1
"GO:0032682","GO:0032682","negative regulation of chemokine production","1/5","26/18800",0.00689652543106967,0.0246472126230127,0.00596020788892199,"IL10",1
"GO:0042832","GO:0042832","defense response to protozoan","1/5","26/18800",0.00689652543106967,0.0246472126230127,0.00596020788892199,"IL10",1
"GO:0045745","GO:0045745","positive regulation of G protein-coupled receptor signaling pathway","1/5","26/18800",0.00689652543106967,0.0246472126230127,0.00596020788892199,"F2",1
"GO:0001562","GO:0001562","response to protozoan","1/5","27/18800",0.00716101447830775,0.0246472126230127,0.00596020788892199,"IL10",1
"GO:0002719","GO:0002719","negative regulation of cytokine production involved in immune response","1/5","27/18800",0.00716101447830775,0.0246472126230127,0.00596020788892199,"IL10",1
"GO:0032607","GO:0032607","interferon-alpha production","1/5","27/18800",0.00716101447830775,0.0246472126230127,0.00596020788892199,"IL10",1
"GO:0032647","GO:0032647","regulation of interferon-alpha production","1/5","27/18800",0.00716101447830775,0.0246472126230127,0.00596020788892199,"IL10",1
"GO:0042501","GO:0042501","serine phosphorylation of STAT protein","1/5","27/18800",0.00716101447830775,0.0246472126230127,0.00596020788892199,"IFNG",1
"GO:0045686","GO:0045686","negative regulation of glial cell differentiation","1/5","27/18800",0.00716101447830775,0.0246472126230127,0.00596020788892199,"F2",1
"GO:0060669","GO:0060669","embryonic placenta morphogenesis","1/5","27/18800",0.00716101447830775,0.0246472126230127,0.00596020788892199,"IL10",1
"GO:1902883","GO:1902883","negative regulation of response to oxidative stress","1/5","27/18800",0.00716101447830775,0.0246472126230127,0.00596020788892199,"IL10",1
"GO:2000108","GO:2000108","positive regulation of leukocyte apoptotic process","1/5","27/18800",0.00716101447830775,0.0246472126230127,0.00596020788892199,"IL10",1
"GO:0090312","GO:0090312","positive regulation of protein deacetylation","1/5","28/18800",0.00742544717034477,0.025205646358051,0.00609524876368233,"IFNG",1
"GO:1903205","GO:1903205","regulation of hydrogen peroxide-induced cell death","1/5","28/18800",0.00742544717034477,0.025205646358051,0.00609524876368233,"IL10",1
"GO:1903672","GO:1903672","positive regulation of sprouting angiogenesis","1/5","28/18800",0.00742544717034477,0.025205646358051,0.00609524876368233,"IL10",1
"GO:0001773","GO:0001773","myeloid dendritic cell activation","1/5","29/18800",0.00768982351618652,0.0256327450539551,0.00619853009839596,"IL10",1
"GO:0002313","GO:0002313","mature B cell differentiation involved in immune response","1/5","29/18800",0.00768982351618652,0.0256327450539551,0.00619853009839596,"IL10",1
"GO:0097421","GO:0097421","liver regeneration","1/5","29/18800",0.00768982351618652,0.0256327450539551,0.00619853009839596,"IL10",1
"GO:1903203","GO:1903203","regulation of oxidative stress-induced neuron death","1/5","29/18800",0.00768982351618652,0.0256327450539551,0.00619853009839596,"IL10",1
"GO:0043032","GO:0043032","positive regulation of macrophage activation","1/5","30/18800",0.00795414352483947,0.0262770812874161,0.00635434398130973,"IL10",1
"GO:0051873","GO:0051873","killing by host of symbiont cells","1/5","30/18800",0.00795414352483947,0.0262770812874161,0.00635434398130973,"F2",1
"GO:0002862","GO:0002862","negative regulation of inflammatory response to antigenic stimulus","1/5","31/18800",0.00821840720530687,0.0265572983926947,0.00642210629695319,"IL10",1
"GO:0034390","GO:0034390","smooth muscle cell apoptotic process","1/5","31/18800",0.00821840720530687,0.0265572983926947,0.00642210629695319,"IFNG",1
"GO:0034391","GO:0034391","regulation of smooth muscle cell apoptotic process","1/5","31/18800",0.00821840720530687,0.0265572983926947,0.00642210629695319,"IFNG",1
"GO:0045577","GO:0045577","regulation of B cell differentiation","1/5","31/18800",0.00821840720530687,0.0265572983926947,0.00642210629695319,"IL10",1
"GO:0048710","GO:0048710","regulation of astrocyte differentiation","1/5","31/18800",0.00821840720530687,0.0265572983926947,0.00642210629695319,"F2",1
"GO:0032480","GO:0032480","negative regulation of type I interferon production","1/5","32/18800",0.00848261456659283,0.02694049261493,0.00651477061811963,"IL10",1
"GO:0032770","GO:0032770","positive regulation of monooxygenase activity","1/5","32/18800",0.00848261456659283,0.02694049261493,0.00651477061811963,"IFNG",1
"GO:0036474","GO:0036474","cell death in response to hydrogen peroxide","1/5","32/18800",0.00848261456659283,0.02694049261493,0.00651477061811963,"IL10",1
"GO:0043372","GO:0043372","positive regulation of CD4-positive, alpha-beta T cell differentiation","1/5","32/18800",0.00848261456659283,0.02694049261493,0.00651477061811963,"IFNG",1
"GO:0010661","GO:0010661","positive regulation of muscle cell apoptotic process","1/5","33/18800",0.00874676561769927,0.0270820358037551,0.00654899870076581,"IFNG",1
"GO:0036475","GO:0036475","neuron death in response to oxidative stress","1/5","33/18800",0.00874676561769927,0.0270820358037551,0.00654899870076581,"IL10",1
"GO:0045589","GO:0045589","regulation of regulatory T cell differentiation","1/5","33/18800",0.00874676561769927,0.0270820358037551,0.00654899870076581,"IFNG",1
"GO:0045940","GO:0045940","positive regulation of steroid metabolic process","1/5","33/18800",0.00874676561769927,0.0270820358037551,0.00654899870076581,"IFNG",1
"GO:0051930","GO:0051930","regulation of sensory perception of pain","1/5","33/18800",0.00874676561769927,0.0270820358037551,0.00654899870076581,"IL10",1
"GO:0051931","GO:0051931","regulation of sensory perception","1/5","33/18800",0.00874676561769927,0.0270820358037551,0.00654899870076581,"IL10",1
"GO:0002335","GO:0002335","mature B cell differentiation","1/5","34/18800",0.0090108603676281,0.02778348613352,0.0067186239583192,"IL10",1
"GO:0002446","GO:0002446","neutrophil mediated immunity","1/5","35/18800",0.00927489882537924,0.0282445478632948,0.00683011825997172,"F2",1
"GO:0006471","GO:0006471","protein ADP-ribosylation","1/5","35/18800",0.00927489882537924,0.0282445478632948,0.00683011825997172,"IFNG",1
"GO:0050869","GO:0050869","negative regulation of B cell activation","1/5","35/18800",0.00927489882537924,0.0282445478632948,0.00683011825997172,"IL10",1
"GO:0010922","GO:0010922","positive regulation of phosphatase activity","1/5","36/18800",0.00953888099995281,0.0288113140406738,0.00696717409233933,"IFNG",1
"GO:0045066","GO:0045066","regulatory T cell differentiation","1/5","36/18800",0.00953888099995281,0.0288113140406738,0.00696717409233933,"IFNG",1
"GO:0042092","GO:0042092","type 2 immune response","1/5","37/18800",0.00980280690034729,0.0292503109123266,0.00707333265305195,"IL10",1
"GO:0090218","GO:0090218","positive regulation of lipid kinase activity","1/5","37/18800",0.00980280690034729,0.0292503109123266,0.00707333265305195,"F2",1
"GO:1903580","GO:1903580","positive regulation of ATP metabolic process","1/5","37/18800",0.00980280690034729,0.0292503109123266,0.00707333265305195,"IFNG",1
"GO:0002701","GO:0002701","negative regulation of production of molecular mediator of immune response","1/5","38/18800",0.0100666765355599,0.0295608755409299,0.00714843363009686,"IL10",1
"GO:0032717","GO:0032717","negative regulation of interleukin-8 production","1/5","38/18800",0.0100666765355599,0.0295608755409299,0.00714843363009686,"IL10",1
"GO:0032965","GO:0032965","regulation of collagen biosynthetic process","1/5","38/18800",0.0100666765355599,0.0295608755409299,0.00714843363009686,"F2",1
"GO:0045191","GO:0045191","regulation of isotype switching","1/5","38/18800",0.0100666765355599,0.0295608755409299,0.00714843363009686,"IL10",1
"GO:0042307","GO:0042307","positive regulation of protein import into nucleus","1/5","39/18800",0.0103304899145881,0.0297453795206038,0.00719305052418584,"IFNG",1
"GO:0097242","GO:0097242","amyloid-beta clearance","1/5","39/18800",0.0103304899145881,0.0297453795206038,0.00719305052418584,"IFNG",1
"GO:1900016","GO:1900016","negative regulation of cytokine production involved in inflammatory response","1/5","39/18800",0.0103304899145881,0.0297453795206038,0.00719305052418584,"F2",1
"GO:1901031","GO:1901031","regulation of response to reactive oxygen species","1/5","39/18800",0.0103304899145881,0.0297453795206038,0.00719305052418584,"IL10",1
"GO:2000516","GO:2000516","positive regulation of CD4-positive, alpha-beta T cell activation","1/5","39/18800",0.0103304899145881,0.0297453795206038,0.00719305052418584,"IFNG",1
"GO:0051281","GO:0051281","positive regulation of release of sequestered calcium ion into cytosol","1/5","40/18800",0.0105942470464269,0.0302692772755053,0.00731973988170115,"F2",1
"GO:0071392","GO:0071392","cellular response to estradiol stimulus","1/5","40/18800",0.0105942470464269,0.0302692772755053,0.00731973988170115,"IL10",1
"GO:0014014","GO:0014014","negative regulation of gliogenesis","1/5","41/18800",0.0108579479400712,0.0307849864967537,0.00744444908171852,"F2",1
"GO:0045429","GO:0045429","positive regulation of nitric oxide biosynthetic process","1/5","41/18800",0.0108579479400712,0.0307849864967537,0.00744444908171852,"IFNG",1
"GO:0032689","GO:0032689","negative regulation of interferon-gamma production","1/5","42/18800",0.0111215926045146,0.0310565227446823,0.00751011218576955,"IL10",1
"GO:0032735","GO:0032735","positive regulation of interleukin-12 production","1/5","42/18800",0.0111215926045146,0.0310565227446823,0.00751011218576955,"IFNG",1
"GO:1904591","GO:1904591","positive regulation of protein import","1/5","42/18800",0.0111215926045146,0.0310565227446823,0.00751011218576955,"IFNG",1
"GO:1904706","GO:1904706","negative regulation of vascular associated smooth muscle cell proliferation","1/5","42/18800",0.0111215926045146,0.0310565227446823,0.00751011218576955,"IL10",1
"GO:0006775","GO:0006775","fat-soluble vitamin metabolic process","1/5","43/18800",0.0113851810487507,0.0313198289073441,0.00757378508427951,"IFNG",1
"GO:0010712","GO:0010712","regulation of collagen metabolic process","1/5","43/18800",0.0113851810487507,0.0313198289073441,0.00757378508427951,"F2",1
"GO:0014002","GO:0014002","astrocyte development","1/5","43/18800",0.0113851810487507,0.0313198289073441,0.00757378508427951,"IFNG",1
"GO:1904407","GO:1904407","positive regulation of nitric oxide metabolic process","1/5","43/18800",0.0113851810487507,0.0313198289073441,0.00757378508427951,"IFNG",1
"GO:0045981","GO:0045981","positive regulation of nucleotide metabolic process","1/5","44/18800",0.0116487132817709,0.0318082945701492,0.00769190622606738,"IFNG",1
"GO:1900544","GO:1900544","positive regulation of purine nucleotide metabolic process","1/5","44/18800",0.0116487132817709,0.0318082945701492,0.00769190622606738,"IFNG",1
"GO:0002861","GO:0002861","regulation of inflammatory response to antigenic stimulus","1/5","45/18800",0.011912189312566,0.0319384785916624,0.00772338742614881,"IL10",1
"GO:0006110","GO:0006110","regulation of glycolytic process","1/5","45/18800",0.011912189312566,0.0319384785916624,0.00772338742614881,"IFNG",1
"GO:0032620","GO:0032620","interleukin-17 production","1/5","45/18800",0.011912189312566,0.0319384785916624,0.00772338742614881,"IFNG",1
"GO:0032660","GO:0032660","regulation of interleukin-17 production","1/5","45/18800",0.011912189312566,0.0319384785916624,0.00772338742614881,"IFNG",1
"GO:1902895","GO:1902895","positive regulation of miRNA transcription","1/5","45/18800",0.011912189312566,0.0319384785916624,0.00772338742614881,"IL10",1
"GO:0031640","GO:0031640","killing of cells of another organism","1/5","46/18800",0.0121756091501258,0.0324098948600472,0.00783738567028168,"IFNG",1
"GO:1904707","GO:1904707","positive regulation of vascular associated smooth muscle cell proliferation","1/5","46/18800",0.0121756091501258,0.0324098948600472,0.00783738567028168,"IL10",1
"GO:0001774","GO:0001774","microglial cell activation","1/5","47/18800",0.0124389728034395,0.0327574372759617,0.00792142864425818,"IFNG",1
"GO:0032964","GO:0032964","collagen biosynthetic process","1/5","47/18800",0.0124389728034395,0.0327574372759617,0.00792142864425818,"F2",1
"GO:0060711","GO:0060711","labyrinthine layer development","1/5","47/18800",0.0124389728034395,0.0327574372759617,0.00792142864425818,"IL10",1
"GO:0006953","GO:0006953","acute-phase response","1/5","48/18800",0.0127022802814958,0.0329813593273926,0.00797557764673789,"F2",1
"GO:0010543","GO:0010543","regulation of platelet activation","1/5","48/18800",0.0127022802814958,0.0329813593273926,0.00797557764673789,"F2",1
"GO:0030195","GO:0030195","negative regulation of blood coagulation","1/5","48/18800",0.0127022802814958,0.0329813593273926,0.00797557764673789,"F2",1
"GO:1902003","GO:1902003","regulation of amyloid-beta formation","1/5","48/18800",0.0127022802814958,0.0329813593273926,0.00797557764673789,"IFNG",1
"GO:0030225","GO:0030225","macrophage differentiation","1/5","49/18800",0.0129655315932804,0.0334302905192596,0.00808413853239563,"IFNG",1
"GO:1900047","GO:1900047","negative regulation of hemostasis","1/5","49/18800",0.0129655315932804,0.0334302905192596,0.00808413853239563,"F2",1
"GO:0002269","GO:0002269","leukocyte activation involved in inflammatory response","1/5","50/18800",0.0132287267477805,0.0335248554567041,0.00810700629820725,"IFNG",1
"GO:0030857","GO:0030857","negative regulation of epithelial cell differentiation","1/5","50/18800",0.0132287267477805,0.0335248554567041,0.00810700629820725,"IFNG",1
"GO:0043370","GO:0043370","regulation of CD4-positive, alpha-beta T cell differentiation","1/5","50/18800",0.0132287267477805,0.0335248554567041,0.00810700629820725,"IFNG",1
"GO:0043457","GO:0043457","regulation of cellular respiration","1/5","50/18800",0.0132287267477805,0.0335248554567041,0.00810700629820725,"IFNG",1
"GO:0046638","GO:0046638","positive regulation of alpha-beta T cell differentiation","1/5","50/18800",0.0132287267477805,0.0335248554567041,0.00810700629820725,"IFNG",1
"GO:0002639","GO:0002639","positive regulation of immunoglobulin production","1/5","51/18800",0.0134918657539816,0.0338440022303268,0.00818418261615301,"IL10",1
"GO:0032692","GO:0032692","negative regulation of interleukin-1 production","1/5","51/18800",0.0134918657539816,0.0338440022303268,0.00818418261615301,"IL10",1
"GO:0043277","GO:0043277","apoptotic cell clearance","1/5","51/18800",0.0134918657539816,0.0338440022303268,0.00818418261615301,"C4A",1
"GO:0002204","GO:0002204","somatic recombination of immunoglobulin genes involved in immune response","1/5","52/18800",0.0137549486208667,0.0339288732648045,0.00820470619490293,"IL10",1
"GO:0002208","GO:0002208","somatic diversification of immunoglobulins involved in immune response","1/5","52/18800",0.0137549486208667,0.0339288732648045,0.00820470619490293,"IL10",1
"GO:0045190","GO:0045190","isotype switching","1/5","52/18800",0.0137549486208667,0.0339288732648045,0.00820470619490293,"IL10",1
"GO:0050819","GO:0050819","negative regulation of coagulation","1/5","52/18800",0.0137549486208667,0.0339288732648045,0.00820470619490293,"F2",1
"GO:2000677","GO:2000677","regulation of transcription regulatory region DNA binding","1/5","52/18800",0.0137549486208667,0.0339288732648045,0.00820470619490293,"IFNG",1
"GO:0010524","GO:0010524","positive regulation of calcium ion transport into cytosol","1/5","54/18800",0.0142809459726229,0.0348775578209271,0.0084341178229838,"F2",1
"GO:0061900","GO:0061900","glial cell activation","1/5","54/18800",0.0142809459726229,0.0348775578209271,0.0084341178229838,"IFNG",1
"GO:1903202","GO:1903202","negative regulation of oxidative stress-induced cell death","1/5","54/18800",0.0142809459726229,0.0348775578209271,0.0084341178229838,"IL10",1
"GO:0002763","GO:0002763","positive regulation of myeloid leukocyte differentiation","1/5","55/18800",0.0145438604754573,0.0351714272935896,0.00850518156459492,"IFNG",1
"GO:0043470","GO:0043470","regulation of carbohydrate catabolic process","1/5","55/18800",0.0145438604754573,0.0351714272935896,0.00850518156459492,"IFNG",1
"GO:1902991","GO:1902991","regulation of amyloid precursor protein catabolic process","1/5","55/18800",0.0145438604754573,0.0351714272935896,0.00850518156459492,"IFNG",1
"GO:0034205","GO:0034205","amyloid-beta formation","1/5","56/18800",0.0148067188749037,0.0356904624346213,0.00863069504108908,"IFNG",1
"GO:0032768","GO:0032768","regulation of monooxygenase activity","1/5","57/18800",0.0150695211799412,0.0358567384988955,0.00867090404667458,"IFNG",1
"GO:0042306","GO:0042306","regulation of protein import into nucleus","1/5","57/18800",0.0150695211799412,0.0358567384988955,0.00867090404667458,"IFNG",1
"GO:0043388","GO:0043388","positive regulation of DNA binding","1/5","57/18800",0.0150695211799412,0.0358567384988955,0.00867090404667458,"IFNG",1
"GO:0070228","GO:0070228","regulation of lymphocyte apoptotic process","1/5","57/18800",0.0150695211799412,0.0358567384988955,0.00867090404667458,"IL10",1
"GO:0090303","GO:0090303","positive regulation of wound healing","1/5","58/18800",0.0153322673995484,0.0363649931912366,0.00879381058678552,"F2",1
"GO:0006826","GO:0006826","iron ion transport","1/5","59/18800",0.0155949575427032,0.0365564417370789,0.00884010682119973,"IFNG",1
"GO:0051353","GO:0051353","positive regulation of oxidoreductase activity","1/5","59/18800",0.0155949575427032,0.0365564417370789,0.00884010682119973,"IFNG",1
"GO:1902893","GO:1902893","regulation of miRNA transcription","1/5","59/18800",0.0155949575427032,0.0365564417370789,0.00884010682119973,"IL10",1
"GO:0016447","GO:0016447","somatic recombination of immunoglobulin gene segments","1/5","60/18800",0.0158575916183815,0.0365564417370789,0.00884010682119973,"IL10",1
"GO:0046824","GO:0046824","positive regulation of nucleocytoplasmic transport","1/5","60/18800",0.0158575916183815,0.0365564417370789,0.00884010682119973,"IFNG",1
"GO:0061614","GO:0061614","miRNA transcription","1/5","60/18800",0.0158575916183815,0.0365564417370789,0.00884010682119973,"IL10",1
"GO:0090311","GO:0090311","regulation of protein deacetylation","1/5","60/18800",0.0158575916183815,0.0365564417370789,0.00884010682119973,"IFNG",1
"GO:1903078","GO:1903078","positive regulation of protein localization to plasma membrane","1/5","60/18800",0.0158575916183815,0.0365564417370789,0.00884010682119973,"IFNG",1
"GO:1903670","GO:1903670","regulation of sprouting angiogenesis","1/5","60/18800",0.0158575916183815,0.0365564417370789,0.00884010682119973,"IL10",1
"GO:0034113","GO:0034113","heterotypic cell-cell adhesion","1/5","61/18800",0.0161201696355591,0.0367043862471191,0.00887588287625924,"IL10",1
"GO:0035306","GO:0035306","positive regulation of dephosphorylation","1/5","61/18800",0.0161201696355591,0.0367043862471191,0.00887588287625924,"IFNG",1
"GO:0099601","GO:0099601","regulation of neurotransmitter receptor activity","1/5","61/18800",0.0161201696355591,0.0367043862471191,0.00887588287625924,"IFNG",1
"GO:1904589","GO:1904589","regulation of protein import","1/5","61/18800",0.0161201696355591,0.0367043862471191,0.00887588287625924,"IFNG",1
"GO:0002712","GO:0002712","regulation of B cell mediated immunity","1/5","62/18800",0.0163826916032107,0.0368486072534223,0.0089107585107849,"IL10",1
"GO:0002889","GO:0002889","regulation of immunoglobulin mediated immune response","1/5","62/18800",0.0163826916032107,0.0368486072534223,0.0089107585107849,"IL10",1
"GO:0032731","GO:0032731","positive regulation of interleukin-1 beta production","1/5","62/18800",0.0163826916032107,0.0368486072534223,0.0089107585107849,"IFNG",1
"GO:0043030","GO:0043030","regulation of macrophage activation","1/5","62/18800",0.0163826916032107,0.0368486072534223,0.0089107585107849,"IL10",1
"GO:0030888","GO:0030888","regulation of B cell proliferation","1/5","64/18800",0.0169075674258292,0.0377993954535155,0.00914067884366662,"IL10",1
"GO:0045670","GO:0045670","regulation of osteoclast differentiation","1/5","64/18800",0.0169075674258292,0.0377993954535155,0.00914067884366662,"IFNG",1
"GO:0014823","GO:0014823","response to activity","1/5","65/18800",0.0171699212987407,0.0379275873464721,0.00917167830569026,"IL10",1
"GO:0031100","GO:0031100","animal organ regeneration","1/5","65/18800",0.0171699212987407,0.0379275873464721,0.00917167830569026,"IL10",1
"GO:0031343","GO:0031343","positive regulation of cell killing","1/5","65/18800",0.0171699212987407,0.0379275873464721,0.00917167830569026,"IFNG",1
"GO:0072577","GO:0072577","endothelial cell apoptotic process","1/5","65/18800",0.0171699212987407,0.0379275873464721,0.00917167830569026,"IL10",1
"GO:0006879","GO:0006879","cellular iron ion homeostasis","1/5","66/18800",0.0174322191580152,0.0381652135412167,0.00922914125463277,"IFNG",1
"GO:0050435","GO:0050435","amyloid-beta metabolic process","1/5","66/18800",0.0174322191580152,0.0381652135412167,0.00922914125463277,"IFNG",1
"GO:2000514","GO:2000514","regulation of CD4-positive, alpha-beta T cell activation","1/5","66/18800",0.0174322191580152,0.0381652135412167,0.00922914125463277,"IFNG",1
"GO:0002294","GO:0002294","CD4-positive, alpha-beta T cell differentiation involved in immune response","1/5","67/18800",0.0176944610126223,0.0382862606705862,0.00925841296443764,"IFNG",1
"GO:0042531","GO:0042531","positive regulation of tyrosine phosphorylation of STAT protein","1/5","67/18800",0.0176944610126223,0.0382862606705862,0.00925841296443764,"IFNG",1
"GO:0046637","GO:0046637","regulation of alpha-beta T cell differentiation","1/5","67/18800",0.0176944610126223,0.0382862606705862,0.00925841296443764,"IFNG",1
"GO:1904377","GO:1904377","positive regulation of protein localization to cell periphery","1/5","67/18800",0.0176944610126223,0.0382862606705862,0.00925841296443764,"IFNG",1
"GO:0002287","GO:0002287","alpha-beta T cell activation involved in immune response","1/5","68/18800",0.0179566468715311,0.0384043892628122,0.0092869789113486,"IFNG",1
"GO:0002293","GO:0002293","alpha-beta T cell differentiation involved in immune response","1/5","68/18800",0.0179566468715311,0.0384043892628122,0.0092869789113486,"IFNG",1
"GO:0042130","GO:0042130","negative regulation of T cell proliferation","1/5","68/18800",0.0179566468715311,0.0384043892628122,0.0092869789113486,"IL10",1
"GO:0042987","GO:0042987","amyloid precursor protein catabolic process","1/5","68/18800",0.0179566468715311,0.0384043892628122,0.0092869789113486,"IFNG",1
"GO:0016445","GO:0016445","somatic diversification of immunoglobulins","1/5","69/18800",0.0182187767437092,0.0385196994009852,0.00931486329753553,"IL10",1
"GO:0032715","GO:0032715","negative regulation of interleukin-6 production","1/5","69/18800",0.0182187767437092,0.0385196994009852,0.00931486329753553,"IL10",1
"GO:0043550","GO:0043550","regulation of lipid kinase activity","1/5","69/18800",0.0182187767437092,0.0385196994009852,0.00931486329753553,"F2",1
"GO:0046635","GO:0046635","positive regulation of alpha-beta T cell activation","1/5","69/18800",0.0182187767437092,0.0385196994009852,0.00931486329753553,"IFNG",1
"GO:0002562","GO:0002562","somatic diversification of immune receptors via germline recombination within a single locus","1/5","70/18800",0.0184808506381239,0.0387417265501747,0.00936855407329972,"IL10",1
"GO:0016444","GO:0016444","somatic cell DNA recombination","1/5","70/18800",0.0184808506381239,0.0387417265501747,0.00936855407329972,"IL10",1
"GO:0032722","GO:0032722","positive regulation of chemokine production","1/5","70/18800",0.0184808506381239,0.0387417265501747,0.00936855407329972,"IFNG",1
"GO:1904427","GO:1904427","positive regulation of calcium ion transmembrane transport","1/5","71/18800",0.0187428685637411,0.0389598953291247,0.00942131181500882,"F2",1
"GO:2000379","GO:2000379","positive regulation of reactive oxygen species metabolic process","1/5","71/18800",0.0187428685637411,0.0389598953291247,0.00942131181500882,"F2",1
"GO:2001259","GO:2001259","positive regulation of cation channel activity","1/5","71/18800",0.0187428685637411,0.0389598953291247,0.00942131181500882,"IFNG",1
"GO:0050810","GO:0050810","regulation of steroid biosynthetic process","1/5","72/18800",0.019004830529526,0.0392837279101933,0.00949962125851047,"IFNG",1
"GO:1903036","GO:1903036","positive regulation of response to wounding","1/5","72/18800",0.019004830529526,0.0392837279101933,0.00949962125851047,"F2",1
"GO:0002381","GO:0002381","immunoglobulin production involved in immunoglobulin-mediated immune response","1/5","73/18800",0.0192667365444419,0.0394941413930388,0.00955050360855845,"IL10",1
"GO:0032732","GO:0032732","positive regulation of interleukin-1 production","1/5","73/18800",0.0192667365444419,0.0394941413930388,0.00955050360855845,"IFNG",1
"GO:0150076","GO:0150076","neuroinflammatory response","1/5","73/18800",0.0192667365444419,0.0394941413930388,0.00955050360855845,"IFNG",1
"GO:0002637","GO:0002637","regulation of immunoglobulin production","1/5","74/18800",0.0195285866174532,0.0399043099742929,0.00964969088994281,"IL10",1
"GO:0002437","GO:0002437","inflammatory response to antigenic stimulus","1/5","75/18800",0.0197903807575209,0.0399043099742929,0.00964969088994281,"IL10",1
"GO:0002534","GO:0002534","cytokine production involved in inflammatory response","1/5","75/18800",0.0197903807575209,0.0399043099742929,0.00964969088994281,"F2",1
"GO:0045685","GO:0045685","regulation of glial cell differentiation","1/5","75/18800",0.0197903807575209,0.0399043099742929,0.00964969088994281,"F2",1
"GO:0070227","GO:0070227","lymphocyte apoptotic process","1/5","75/18800",0.0197903807575209,0.0399043099742929,0.00964969088994281,"IL10",1
"GO:1900015","GO:1900015","regulation of cytokine production involved in inflammatory response","1/5","75/18800",0.0197903807575209,0.0399043099742929,0.00964969088994281,"F2",1
"GO:0002292","GO:0002292","T cell differentiation involved in immune response","1/5","76/18800",0.0200521189736071,0.040212921518887,0.00972431957071235,"IFNG",1
"GO:0061045","GO:0061045","negative regulation of wound healing","1/5","76/18800",0.0200521189736071,0.040212921518887,0.00972431957071235,"F2",1
"GO:0032720","GO:0032720","negative regulation of tumor necrosis factor production","1/5","77/18800",0.0203138012746715,0.0404091745786477,0.00977177763637284,"IL10",1
"GO:0045913","GO:0045913","positive regulation of carbohydrate metabolic process","1/5","77/18800",0.0203138012746715,0.0404091745786477,0.00977177763637284,"IFNG",1
"GO:1903201","GO:1903201","regulation of oxidative stress-induced cell death","1/5","77/18800",0.0203138012746715,0.0404091745786477,0.00977177763637284,"IL10",1
"GO:0014068","GO:0014068","positive regulation of phosphatidylinositol 3-kinase signaling","1/5","79/18800",0.020836998167572,0.0411183430506754,0.00994326930101682,"F2",1
"GO:0061844","GO:0061844","antimicrobial humoral immune response mediated by antimicrobial peptide","1/5","79/18800",0.020836998167572,0.0411183430506754,0.00994326930101682,"F2",1
"GO:1903556","GO:1903556","negative regulation of tumor necrosis factor superfamily cytokine production","1/5","79/18800",0.020836998167572,0.0411183430506754,0.00994326930101682,"IL10",1
"GO:0002200","GO:0002200","somatic diversification of immune receptors","1/5","80/18800",0.0210985127773239,0.0414135264064182,0.0100146507668437,"IL10",1
"GO:0051279","GO:0051279","regulation of release of sequestered calcium ion into cytosol","1/5","80/18800",0.0210985127773239,0.0414135264064182,0.0100146507668437,"F2",1
"GO:0006096","GO:0006096","glycolytic process","1/5","81/18800",0.0213599715078856,0.0417054852660563,0.0100852524825456,"IFNG",1
"GO:0010660","GO:0010660","regulation of muscle cell apoptotic process","1/5","81/18800",0.0213599715078856,0.0417054852660563,0.0100852524825456,"IFNG",1
"GO:0006757","GO:0006757","ATP generation from ADP","1/5","82/18800",0.0216213743682128,0.04199427042645,0.0101550867318585,"IFNG",1
"GO:0043367","GO:0043367","CD4-positive, alpha-beta T cell differentiation","1/5","82/18800",0.0216213743682128,0.04199427042645,0.0101550867318585,"IFNG",1
"GO:0042509","GO:0042509","regulation of tyrosine phosphorylation of STAT protein","1/5","83/18800",0.0218827213672595,0.0422799316234258,0.010224165541938,"IFNG",1
"GO:0045921","GO:0045921","positive regulation of exocytosis","1/5","83/18800",0.0218827213672595,0.0422799316234258,0.010224165541938,"IFNG",1
"GO:0010921","GO:0010921","regulation of phosphatase activity","1/5","84/18800",0.0221440125139797,0.0424037938230722,0.0102541179941995,"IFNG",1
"GO:0050672","GO:0050672","negative regulation of lymphocyte proliferation","1/5","84/18800",0.0221440125139797,0.0424037938230722,0.0102541179941995,"IL10",1
"GO:0010507","GO:0010507","negative regulation of autophagy","1/5","85/18800",0.022405247817326,0.0424037938230722,0.0102541179941995,"IL10",1
"GO:0010657","GO:0010657","muscle cell apoptotic process","1/5","85/18800",0.022405247817326,0.0424037938230722,0.0102541179941995,"IFNG",1
"GO:0032945","GO:0032945","negative regulation of mononuclear cell proliferation","1/5","85/18800",0.022405247817326,0.0424037938230722,0.0102541179941995,"IL10",1
"GO:0046889","GO:0046889","positive regulation of lipid biosynthetic process","1/5","85/18800",0.022405247817326,0.0424037938230722,0.0102541179941995,"IFNG",1
"GO:0055072","GO:0055072","iron ion homeostasis","1/5","85/18800",0.022405247817326,0.0424037938230722,0.0102541179941995,"IFNG",1
"GO:2000106","GO:2000106","regulation of leukocyte apoptotic process","1/5","85/18800",0.022405247817326,0.0424037938230722,0.0102541179941995,"IL10",1
"GO:0002312","GO:0002312","B cell activation involved in immune response","1/5","86/18800",0.0226664272862501,0.0425222749072178,0.0102827691809773,"IL10",1
"GO:1900542","GO:1900542","regulation of purine nucleotide metabolic process","1/5","86/18800",0.0226664272862501,0.0425222749072178,0.0102827691809773,"IFNG",1
"GO:1904705","GO:1904705","regulation of vascular associated smooth muscle cell proliferation","1/5","86/18800",0.0226664272862501,0.0425222749072178,0.0102827691809773,"IL10",1
"GO:0001892","GO:0001892","embryonic placenta development","1/5","87/18800",0.0229275509297026,0.0425222749072178,0.0102827691809773,"IL10",1
"GO:0007260","GO:0007260","tyrosine phosphorylation of STAT protein","1/5","87/18800",0.0229275509297026,0.0425222749072178,0.0102827691809773,"IFNG",1
"GO:0050829","GO:0050829","defense response to Gram-negative bacterium","1/5","87/18800",0.0229275509297026,0.0425222749072178,0.0102827691809773,"F2",1
"GO:1901216","GO:1901216","positive regulation of neuron death","1/5","87/18800",0.0229275509297026,0.0425222749072178,0.0102827691809773,"IFNG",1
"GO:1990874","GO:1990874","vascular associated smooth muscle cell proliferation","1/5","87/18800",0.0229275509297026,0.0425222749072178,0.0102827691809773,"IL10",1
"GO:0006140","GO:0006140","regulation of nucleotide metabolic process","1/5","88/18800",0.0231886187566331,0.0428989446997713,0.0103738557595464,"IFNG",1
"GO:1903578","GO:1903578","regulation of ATP metabolic process","1/5","89/18800",0.0234496307759905,0.0432736328534488,0.0104644631366804,"IFNG",1
"GO:0046031","GO:0046031","ADP metabolic process","1/5","90/18800",0.0237105869967225,0.0435380505647013,0.0105284048307244,"IFNG",1
"GO:0070301","GO:0070301","cellular response to hydrogen peroxide","1/5","90/18800",0.0237105869967225,0.0435380505647013,0.0105284048307244,"IL10",1
"GO:0070664","GO:0070664","negative regulation of leukocyte proliferation","1/5","91/18800",0.0239714874277764,0.0439081700409766,0.0106179074067796,"IL10",1
"GO:1900407","GO:1900407","regulation of cellular response to oxidative stress","1/5","92/18800",0.0242323320780976,0.0441673047728873,0.010680571566701,"IL10",1
"GO:1903035","GO:1903035","negative regulation of response to wounding","1/5","92/18800",0.0242323320780976,0.0441673047728873,0.010680571566701,"F2",1
"GO:0002275","GO:0002275","myeloid cell activation involved in immune response","1/5","93/18800",0.0244931209566314,0.0444237978134981,0.0107425969108032,"IFNG",1
"GO:0045185","GO:0045185","maintenance of protein location","1/5","93/18800",0.0244931209566314,0.0444237978134981,0.0107425969108032,"IL10",1
"GO:0045582","GO:0045582","positive regulation of T cell differentiation","1/5","94/18800",0.0247538540723216,0.0447869242384302,0.010830408421811,"IFNG",1
"GO:0032088","GO:0032088","negative regulation of NF-kappaB transcription factor activity","1/5","95/18800",0.0250145314341116,0.0449290127700063,0.0108647683796601,"IL10",1
"GO:0042982","GO:0042982","amyloid precursor protein metabolic process","1/5","95/18800",0.0250145314341116,0.0449290127700063,0.0108647683796601,"IFNG",1
"GO:0048661","GO:0048661","positive regulation of smooth muscle cell proliferation","1/5","95/18800",0.0250145314341116,0.0449290127700063,0.0108647683796601,"IL10",1
"GO:0030316","GO:0030316","osteoclast differentiation","1/5","96/18800",0.0252751530509427,0.045177809801202,0.010924932668854,"IFNG",1
"GO:0032091","GO:0032091","negative regulation of protein binding","1/5","96/18800",0.0252751530509427,0.045177809801202,0.010924932668854,"IL10",1
"GO:0002532","GO:0002532","production of molecular mediator involved in inflammatory response","1/5","97/18800",0.0255357189317567,0.0454241154074517,0.0109844944797536,"F2",1
"GO:0032755","GO:0032755","positive regulation of interleukin-6 production","1/5","97/18800",0.0255357189317567,0.0454241154074517,0.0109844944797536,"IFNG",1
"GO:0002718","GO:0002718","regulation of cytokine production involved in immune response","1/5","98/18800",0.0257962290854936,0.0454504988649173,0.010990874547704,"IL10",1
"GO:0032479","GO:0032479","regulation of type I interferon production","1/5","98/18800",0.0257962290854936,0.0454504988649173,0.010990874547704,"IL10",1
"GO:0032606","GO:0032606","type I interferon production","1/5","98/18800",0.0257962290854936,0.0454504988649173,0.010990874547704,"IL10",1
"GO:0036473","GO:0036473","cell death in response to oxidative stress","1/5","98/18800",0.0257962290854936,0.0454504988649173,0.010990874547704,"IL10",1
"GO:0006165","GO:0006165","nucleoside diphosphate phosphorylation","1/5","99/18800",0.0260566835210927,0.0454704733628951,0.0109957047961482,"IFNG",1
"GO:0019233","GO:0019233","sensory perception of pain","1/5","99/18800",0.0260566835210927,0.0454704733628951,0.0109957047961482,"IL10",1
"GO:0045639","GO:0045639","positive regulation of myeloid cell differentiation","1/5","99/18800",0.0260566835210927,0.0454704733628951,0.0109957047961482,"IFNG",1
"GO:0002367","GO:0002367","cytokine production involved in immune response","1/5","100/18800",0.0263170822474921,0.0454704733628951,0.0109957047961482,"IL10",1
"GO:0014013","GO:0014013","regulation of gliogenesis","1/5","100/18800",0.0263170822474921,0.0454704733628951,0.0109957047961482,"F2",1
"GO:0031341","GO:0031341","regulation of cell killing","1/5","100/18800",0.0263170822474921,0.0454704733628951,0.0109957047961482,"IFNG",1
"GO:0042100","GO:0042100","B cell proliferation","1/5","100/18800",0.0263170822474921,0.0454704733628951,0.0109957047961482,"IL10",1
"GO:0046939","GO:0046939","nucleotide phosphorylation","1/5","100/18800",0.0263170822474921,0.0454704733628951,0.0109957047961482,"IFNG",1
"GO:0000041","GO:0000041","transition metal ion transport","1/5","101/18800",0.0265774252736291,0.0454704733628951,0.0109957047961482,"IFNG",1
"GO:0032963","GO:0032963","collagen metabolic process","1/5","101/18800",0.0265774252736291,0.0454704733628951,0.0109957047961482,"F2",1
"GO:0051702","GO:0051702","biological process involved in interaction with symbiont","1/5","101/18800",0.0265774252736291,0.0454704733628951,0.0109957047961482,"F2",1
"GO:1902882","GO:1902882","regulation of response to oxidative stress","1/5","101/18800",0.0265774252736291,0.0454704733628951,0.0109957047961482,"IL10",1
"GO:0032677","GO:0032677","regulation of interleukin-8 production","1/5","102/18800",0.0268377126084401,0.0454704733628951,0.0109957047961482,"IL10",1
"GO:0035710","GO:0035710","CD4-positive, alpha-beta T cell activation","1/5","102/18800",0.0268377126084401,0.0454704733628951,0.0109957047961482,"IFNG",1
"GO:0009135","GO:0009135","purine nucleoside diphosphate metabolic process","1/5","103/18800",0.0270979442608604,0.0454704733628951,0.0109957047961482,"IFNG",1
"GO:0009179","GO:0009179","purine ribonucleoside diphosphate metabolic process","1/5","103/18800",0.0270979442608604,0.0454704733628951,0.0109957047961482,"IFNG",1
"GO:0010522","GO:0010522","regulation of calcium ion transport into cytosol","1/5","103/18800",0.0270979442608604,0.0454704733628951,0.0109957047961482,"F2",1
"GO:0032637","GO:0032637","interleukin-8 production","1/5","103/18800",0.0270979442608604,0.0454704733628951,0.0109957047961482,"IL10",1
"GO:0032760","GO:0032760","positive regulation of tumor necrosis factor production","1/5","103/18800",0.0270979442608604,0.0454704733628951,0.0109957047961482,"IFNG",1
"GO:1903076","GO:1903076","regulation of protein localization to plasma membrane","1/5","103/18800",0.0270979442608604,0.0454704733628951,0.0109957047961482,"IFNG",1
"GO:1905477","GO:1905477","positive regulation of protein localization to membrane","1/5","103/18800",0.0270979442608604,0.0454704733628951,0.0109957047961482,"IFNG",1
"GO:0002444","GO:0002444","myeloid leukocyte mediated immunity","1/5","104/18800",0.0273581202398249,0.0454944021965627,0.0110014912850863,"F2",1
"GO:0007200","GO:0007200","phospholipase C-activating G protein-coupled receptor signaling pathway","1/5","104/18800",0.0273581202398249,0.0454944021965627,0.0110014912850863,"F2",1
"GO:0019218","GO:0019218","regulation of steroid metabolic process","1/5","104/18800",0.0273581202398249,0.0454944021965627,0.0110014912850863,"IFNG",1
"GO:0046822","GO:0046822","regulation of nucleocytoplasmic transport","1/5","104/18800",0.0273581202398249,0.0454944021965627,0.0110014912850863,"IFNG",1
"GO:0046634","GO:0046634","regulation of alpha-beta T cell activation","1/5","105/18800",0.0276182405542662,0.0458239865698587,0.0110811916314025,"IFNG",1
"GO:0006090","GO:0006090","pyruvate metabolic process","1/5","106/18800",0.0278783052131181,0.0459464273000164,0.0111108003428205,"IFNG",1
"GO:0032414","GO:0032414","positive regulation of ion transmembrane transporter activity","1/5","106/18800",0.0278783052131181,0.0459464273000164,0.0111108003428205,"IFNG",1
"GO:0051341","GO:0051341","regulation of oxidoreductase activity","1/5","106/18800",0.0278783052131181,0.0459464273000164,0.0111108003428205,"IFNG",1
"GO:0033138","GO:0033138","positive regulation of peptidyl-serine phosphorylation","1/5","107/18800",0.0281383142253111,0.046169296068138,0.0111646946395213,"IFNG",1
"GO:1903557","GO:1903557","positive regulation of tumor necrosis factor superfamily cytokine production","1/5","107/18800",0.0281383142253111,0.046169296068138,0.0111646946395213,"IFNG",1
"GO:0006958","GO:0006958","complement activation, classical pathway","1/5","108/18800",0.028398267599776,0.0464927389907838,0.0112429098555238,"C4A",1
"GO:0006766","GO:0006766","vitamin metabolic process","1/5","109/18800",0.0286581653454426,0.0467115470388272,0.0112958221857761,"IFNG",1
"GO:0071887","GO:0071887","leukocyte apoptotic process","1/5","109/18800",0.0286581653454426,0.0467115470388272,0.0112958221857761,"IL10",1
"GO:0032611","GO:0032611","interleukin-1 beta production","1/5","110/18800",0.0289180074712393,0.0469283454577129,0.0113482485459619,"IFNG",1
"GO:0032651","GO:0032651","regulation of interleukin-1 beta production","1/5","110/18800",0.0289180074712393,0.0469283454577129,0.0113482485459619,"IFNG",1
"GO:0001938","GO:0001938","positive regulation of endothelial cell proliferation","1/5","111/18800",0.0291777939860947,0.0470404521780175,0.0113753582791792,"IL10",1
"GO:0014066","GO:0014066","regulation of phosphatidylinositol 3-kinase signaling","1/5","111/18800",0.0291777939860947,0.0470404521780175,0.0113753582791792,"F2",1
"GO:0046632","GO:0046632","alpha-beta T cell differentiation","1/5","111/18800",0.0291777939860947,0.0470404521780175,0.0113753582791792,"IFNG",1
"GO:0002698","GO:0002698","negative regulation of immune effector process","1/5","112/18800",0.0294375248989349,0.047253293764017,0.011426827794997,"IL10",1
"GO:0009185","GO:0009185","ribonucleoside diphosphate metabolic process","1/5","112/18800",0.0294375248989349,0.047253293764017,0.011426827794997,"IFNG",1
"GO:0002526","GO:0002526","acute inflammatory response","1/5","113/18800",0.0296972002186858,0.0475669440732197,0.0115026749536947,"F2",1
"GO:0021782","GO:0021782","glial cell development","1/5","115/18800",0.0302163841146186,0.0481899229414176,0.0116533241821351,"IFNG",1
"GO:0046916","GO:0046916","cellular transition metal ion homeostasis","1/5","115/18800",0.0302163841146186,0.0481899229414176,0.0116533241821351,"IFNG",1
"GO:0002286","GO:0002286","T cell activation involved in immune response","1/5","116/18800",0.0304758927086475,0.0483884177062138,0.0117013243386292,"IFNG",1
"GO:0002761","GO:0002761","regulation of myeloid leukocyte differentiation","1/5","117/18800",0.0307353457452806,0.0483884177062138,0.0117013243386292,"IFNG",1
"GO:0032411","GO:0032411","positive regulation of transporter activity","1/5","117/18800",0.0307353457452806,0.0483884177062138,0.0117013243386292,"IFNG",1
"GO:0032609","GO:0032609","interferon-gamma production","1/5","117/18800",0.0307353457452806,0.0483884177062138,0.0117013243386292,"IL10",1
"GO:0032649","GO:0032649","regulation of interferon-gamma production","1/5","117/18800",0.0307353457452806,0.0483884177062138,0.0117013243386292,"IL10",1
"GO:0006476","GO:0006476","protein deacetylation","1/5","118/18800",0.0309947432334396,0.0483884177062138,0.0117013243386292,"IFNG",1
"GO:0071346","GO:0071346","cellular response to interferon-gamma","1/5","118/18800",0.0309947432334396,0.0483884177062138,0.0117013243386292,"IFNG",1
"GO:0098659","GO:0098659","inorganic cation import across plasma membrane","1/5","118/18800",0.0309947432334396,0.0483884177062138,0.0117013243386292,"IFNG",1
"GO:0099587","GO:0099587","inorganic ion import across plasma membrane","1/5","118/18800",0.0309947432334396,0.0483884177062138,0.0117013243386292,"IFNG",1
"GO:1904019","GO:1904019","epithelial cell apoptotic process","1/5","118/18800",0.0309947432334396,0.0483884177062138,0.0117013243386292,"IL10",1
"GO:0051928","GO:0051928","positive regulation of calcium ion transport","1/5","119/18800",0.0312540851820443,0.0486905748099217,0.0117743922015458,"F2",1
"GO:0002702","GO:0002702","positive regulation of production of molecular mediator of immune response","1/5","120/18800",0.031513371600014,0.0489913760168285,0.0118471321804564,"IL10",1
"GO:0002455","GO:0002455","humoral immune response mediated by circulating immunoglobulin","1/5","121/18800",0.0317726024962666,0.0490850226455893,0.0118697778801567,"C4A",1
"GO:0051101","GO:0051101","regulation of DNA binding","1/5","121/18800",0.0317726024962666,0.0490850226455893,0.0118697778801567,"IFNG",1
"GO:0051209","GO:0051209","release of sequestered calcium ion into cytosol","1/5","121/18800",0.0317726024962666,0.0490850226455893,0.0118697778801567,"F2",1
"GO:0019730","GO:0019730","antimicrobial humoral response","1/5","122/18800",0.0320317778797194,0.0492796582764915,0.0119168448179282,"F2",1
"GO:0051283","GO:0051283","negative regulation of sequestering of calcium ion","1/5","122/18800",0.0320317778797194,0.0492796582764915,0.0119168448179282,"F2",1
"GO:0032355","GO:0032355","response to estradiol","1/5","123/18800",0.0322908977592892,0.049575237223805,0.0119883219460126,"IL10",1
"GO:0042177","GO:0042177","negative regulation of protein catabolic process","1/5","124/18800",0.0325499621438907,0.0496638597659364,0.012009752717225,"IL10",1
"GO:0051282","GO:0051282","regulation of sequestering of calcium ion","1/5","124/18800",0.0325499621438907,0.0496638597659364,0.012009752717225,"F2",1
"GO:1904375","GO:1904375","regulation of protein localization to cell periphery","1/5","124/18800",0.0325499621438907,0.0496638597659364,0.012009752717225,"IFNG",1
"GO:0050868","GO:0050868","negative regulation of T cell activation","1/5","125/18800",0.0328089710424387,0.0499560464432195,0.0120804095239649,"IL10",1
